rating;date;isoDate;snippet;likes;url;placeUrl;images;userName;userProfileLink;userThumbnail;userPhotos;userReviews;isUserLocalGuide;responseSnippet;responseDate;responseIsoDate;source;dataId;reviewId
5;4 months ago;2026-01-05T14:00:23.342Z;Very professional service. They patiently answered all my questions and helped me choose the best product of different brands.;;https://www.google.com/maps/reviews/data=!4m8!14m7!1m6!2m5!1sCi9DQUlRQUNvZENodHljRjlvT2xWc2R6SklWR2xCV0dScU5UaENWbkV4V0dsWVFXYxAB!2m1!1s0x0:0xe2013697c9b54a21!3m1!1s2@1:CAIQACodChtycF9oOlVsdzJIVGlBWGRqNThCVnExWGlYQWc%7C%7C?hl=en-GB;https://www.google.com/maps/place/S.+K.+Electronics/@26.5883622,85.4873171,17z/data=!4m8!3m7!1s0x39ecf12c7e6fa777:0xe2013697c9b54a21!8m2!3d26.5883574!4d85.489892!9m1!1b1!16s%2Fg%2F11wy5qq8fk?entry=ttu&g_ep=EgoyMDI2MDUxMy4wIKXMDSoASAFQAw%3D%3D;https://lh3.googleusercontent.com/grass-cs/ANxoTn234G4bRMYEzbRKuKzq7QLAe6Ab6-Nf0vywXkTnFWvzffVt7O9BUFM6r3UrjJVzTPO9VRWC-b_FEk42VkExlet4eU4tOHDXRLczxnT57TQIe70skRW0U6enI3O8gX2DHBMeiLXiv6nEq2Y=k-no, https://lh3.googleusercontent.com/grass-cs/ANxoTn0tzYVgFJOWaDfR4vH2zoECY4UfzEiZSRXd5WGfDPxrNnRx0HrTHahOBZux8lZ4UtDJQRbjC-cchjvogNDiNtGNz7l9LEEzrXG8F9RUcxv2nc4Ywahda15tXRvIkfNAP236ZHA1BBciDOw=k-no, https://lh3.googleusercontent.com/grass-cs/ANxoTn1_UGKxMpsdZBMMyNt2Qlr3zZFo_Nv4d4XlZoZIUkiFumh9QFYfkjngj4Rtpw9eX24g-uFr59sf0oD3q6FK941QD6kZ8GeQVPHn3d3ipEtlAfgEDOCHgV5KAID7O1y_QR27yr3Zzhcu4BZ7=k-no, https://lh3.googleusercontent.com/grass-cs/ANxoTn1QkSW3gTOaXBknIdxyAW0ChfXx3WFGX372cwjtOXPr5qapAazRzbz--iC5_oiokT7tJ9ZVIO5aFQBVz_Js2hNo38Wxe_9niUElgDX7foaylEHvU3rtoKR9sKv2Vo2kKr159vNqLUF43-vm=k-no, https://lh3.googleusercontent.com/grass-cs/ANxoTn1NV4NTKkHTaeKPm3Gxj-Gr3qOs_R2x-naONzqgCj1FI2ckQaA7qywHksge9ehC7jdR8yDpnQbArx1eibV5Ak0IgU_iSu-9wonv4FpdsQxcEIQkJP623feHWqLJpo_sh3lhlStBXbrLlU8=k-no;Mukesh Prasad;https://www.google.com/maps/contrib/104068618812549711787?hl=en-GB;https://lh3.googleusercontent.com/a/ACg8ocKp3rxh-xtgafEcZmfYBDESfDLx8pfMfjf19Sr6w6xh7YJiVg=s120-c-rp-mo-br100;5;2;;;;;Google;0x39ecf12c7e6fa777:0xe2013697c9b54a21;Ci9DQUlRQUNvZENodHljRjlvT2xWc2R6SklWR2xCV0dScU5UaENWbkV4V0dsWVFXYxAB
5;7 months ago;2025-09-28T18:27:09.362Z;"""I had a great experience at this electric shop. They provide a wide range of quality products at reasonable prices. The staff is very polite, knowledgeable, and always ready to help customers find exactly what they need. The service is quick and reliable, and I truly appreciate their professionalism. Highly recommended for anyone looking for electrical items!""";;https://www.google.com/maps/reviews/data=!4m8!14m7!1m6!2m5!1sCi9DQUlRQUNvZENodHljRjlvT2toNFpUTk1XV00xU0RsRFFYaGhSRzUxYlZkT1NGRRAB!2m1!1s0x0:0xe2013697c9b54a21!3m1!1s2@1:CAIQACodChtycF9oOkh4ZTNMWWM1SDlDQXhhRG51bVdOSFE%7C%7C?hl=en-GB;https://www.google.com/maps/place/S.+K.+Electronics/@26.5883622,85.4873171,17z/data=!4m8!3m7!1s0x39ecf12c7e6fa777:0xe2013697c9b54a21!8m2!3d26.5883574!4d85.489892!9m1!1b1!16s%2Fg%2F11wy5qq8fk?entry=ttu&g_ep=EgoyMDI2MDUxMy4wIKXMDSoASAFQAw%3D%3D;;Dilip Kumar;https://www.google.com/maps/contrib/110384115571618955702?hl=en-GB;https://lh3.googleusercontent.com/a/ACg8ocJCsiT8vxN8NxdHcHQtc8tk0ONJeBULMAu5CBTSHGc_CCzUhg=s120-c-rp-mo-br100;;1;;;;;Google;0x39ecf12c7e6fa777:0xe2013697c9b54a21;Ci9DQUlRQUNvZENodHljRjlvT2toNFpUTk1XV00xU0RsRFFYaGhSRzUxYlZkT1NGRRAB
5;10 months ago;2025-06-26T08:28:13.386Z;S K Electronics’s are one of the best Trader in Sitamarhi. They deals with many brands like Bajaj Electricals, Anchor, Hawells and RR Kable.;;https://www.google.com/maps/reviews/data=!4m8!14m7!1m6!2m5!1sCi9DQUlRQUNvZENodHljRjlvT25GVGFsSjNhMGhFU3pJNFdtMVFlV3RzWlZGRWFHYxAB!2m1!1s0x0:0xe2013697c9b54a21!3m1!1s2@1:CAIQACodChtycF9oOnFTalJ3a0hESzI4Wm1QeWtsZVFEaGc%7C%7C?hl=en-GB;https://www.google.com/maps/place/S.+K.+Electronics/@26.5883622,85.4873171,17z/data=!4m8!3m7!1s0x39ecf12c7e6fa777:0xe2013697c9b54a21!8m2!3d26.5883574!4d85.489892!9m1!1b1!16s%2Fg%2F11wy5qq8fk?entry=ttu&g_ep=EgoyMDI2MDUxMy4wIKXMDSoASAFQAw%3D%3D;https://lh3.googleusercontent.com/grass-cs/ANxoTn2lGhur19RLXeRtHXCG_j8I-YF3YKDRlRy4G5cCe_sewsnnLYRL5v7lggeChHp1MiR344ic9n-Fw9zL6L9SUdBqs23-Mc8KHr3zZLRELTE7txykB5eKyeXX0ItFFkvQumGf3WNcyJb_TyBF=k-no;Anuj Mishra;https://www.google.com/maps/contrib/114575074647751807625?hl=en-GB;https://lh3.googleusercontent.com/a/ACg8ocK-KDlp_2OVNIvASjaZk4EPVXEOVDBnnQejhyqwgLaNTnp8_Q=s120-c-rp-mo-ba2-br100;6;16;1;;;;Google;0x39ecf12c7e6fa777:0xe2013697c9b54a21;Ci9DQUlRQUNvZENodHljRjlvT25GVGFsSjNhMGhFU3pJNFdtMVFlV3RzWlZGRWFHYxAB
5;9 months ago;2025-07-20T13:02:55.705Z;"🌟🌟🌟🌟🌟
Absolutely fantastic experience! The anchor shop has a great variety of high-quality products, excellent customer service, and a clean, well-organized layout. The staff was friendly, helpful, and made my shopping easy and enjoyable. Highly recommend to anyone looking for reliable products and a pleasant shopping experience!";;https://www.google.com/maps/reviews/data=!4m8!14m7!1m6!2m5!1sCi9DQUlRQUNvZENodHljRjlvT25kNFJEWlVOWEoxZUhJNU1uUmpURk55TVdGcmMzYxAB!2m1!1s0x0:0xe2013697c9b54a21!3m1!1s2@1:CAIQACodChtycF9oOnd4RDZUNXJ1eHI5MnRjTFNyMWFrc3c%7C%7C?hl=en-GB;https://www.google.com/maps/place/S.+K.+Electronics/@26.5883622,85.4873171,17z/data=!4m8!3m7!1s0x39ecf12c7e6fa777:0xe2013697c9b54a21!8m2!3d26.5883574!4d85.489892!9m1!1b1!16s%2Fg%2F11wy5qq8fk?entry=ttu&g_ep=EgoyMDI2MDUxMy4wIKXMDSoASAFQAw%3D%3D;;Mani Shankar;https://www.google.com/maps/contrib/118061562057459915813?hl=en-GB;https://lh3.googleusercontent.com/a/ACg8ocL32KqAqqetAmghqvo2gCi5OSAJIHdeeRERX_885OzjFH0L2g=s120-c-rp-mo-br100;;1;;;;;Google;0x39ecf12c7e6fa777:0xe2013697c9b54a21;Ci9DQUlRQUNvZENodHljRjlvT25kNFJEWlVOWEoxZUhJNU1uUmpURk55TVdGcmMzYxAB
5;8 months ago;2025-08-24T14:26:46.335Z;This shop is best shop all over in sitamarhi best price best service!;;https://www.google.com/maps/reviews/data=!4m8!14m7!1m6!2m5!1sCi9DQUlRQUNvZENodHljRjlvT2t4VGRtNW5TR1I2WmpCVVV6ZDNWV2h5Wm1kNmRGRRAB!2m1!1s0x0:0xe2013697c9b54a21!3m1!1s2@1:CAIQACodChtycF9oOkxTdm5nSGR6ZjBUUzd3VWhyZmd6dFE%7C%7C?hl=en-GB;https://www.google.com/maps/place/S.+K.+Electronics/@26.5883622,85.4873171,17z/data=!4m8!3m7!1s0x39ecf12c7e6fa777:0xe2013697c9b54a21!8m2!3d26.5883574!4d85.489892!9m1!1b1!16s%2Fg%2F11wy5qq8fk?entry=ttu&g_ep=EgoyMDI2MDUxMy4wIKXMDSoASAFQAw%3D%3D;https://lh3.googleusercontent.com/grass-cs/ANxoTn15Glk5ibKuRULnDK2aTXjezLNQT4snsnt8s3NmiaeNHw9p1gffjteeAluHpgvq89mWMPqTzxuU6ZR5JO3SwjtVZ8FuVtFFecmnw_iJ-Smk8G3dwdxrrTIOO9FN_0qFkSP3S_EJPlMdl8y1=k-no;ÄLÖK RÃÑJÃÑ;https://www.google.com/maps/contrib/113674815488993087667?hl=en-GB;https://lh3.googleusercontent.com/a-/ALV-UjXIh10fvL1Tp73uMXQgOTz0XA6AXI9jZooEOizAeAInS9VfPLZnpg=s120-c-rp-mo-br100;1;1;;;;;Google;0x39ecf12c7e6fa777:0xe2013697c9b54a21;Ci9DQUlRQUNvZENodHljRjlvT2t4VGRtNW5TR1I2WmpCVVV6ZDNWV2h5Wm1kNmRGRRAB
5;2 months ago;2026-02-26T11:42:13.157Z;Best shop to buy electric items of anchor at low price in sitamarhi;;https://www.google.com/maps/reviews/data=!4m8!14m7!1m6!2m5!1sCi9DQUlRQUNvZENodHljRjlvT2xWb1VtUldjRGhtWDFWcExUaDBhVTVSYlRsSlgyYxAB!2m1!1s0x0:0xe2013697c9b54a21!3m1!1s2@1:CAIQACodChtycF9oOlVoUmRWcDhmX1VpLTh0aU5RbTlJX2c%7C%7C?hl=en-GB;https://www.google.com/maps/place/S.+K.+Electronics/@26.5883622,85.4873171,17z/data=!4m8!3m7!1s0x39ecf12c7e6fa777:0xe2013697c9b54a21!8m2!3d26.5883574!4d85.489892!9m1!1b1!16s%2Fg%2F11wy5qq8fk?entry=ttu&g_ep=EgoyMDI2MDUxMy4wIKXMDSoASAFQAw%3D%3D;;Raushan Singh;https://www.google.com/maps/contrib/117473546195074521585?hl=en-GB;https://lh3.googleusercontent.com/a-/ALV-UjWjwdgL_iq22Rpg411CI3w1zJD52iKMWR5J-lxbNtnJ5RRNquzs=s120-c-rp-mo-br100;;2;;;;;Google;0x39ecf12c7e6fa777:0xe2013697c9b54a21;Ci9DQUlRQUNvZENodHljRjlvT2xWb1VtUldjRGhtWDFWcExUaDBhVTVSYlRsSlgyYxAB
5;7 months ago;2025-09-18T08:17:24.530Z;"Bajaj Electricals is a major player in India’s consumer durables & lighting industry. The lighting segment covers household lighting, LED bulbs, emergency/inverter‑lights, industrial and professional lighting solutions.

Its products are pure and full of quality.
The Electricity taste is excellent, and the packaging is also good.
It is a perfect choice for everyday needs. For Anchor.

Any About Know Please Come to S.K. ELECTRONICS SITAMARHI.";;https://www.google.com/maps/reviews/data=!4m8!14m7!1m6!2m5!1sCi9DQUlRQUNvZENodHljRjlvT2xWNmNrWTROM1o1U0hWMlNEZzVRVFJyYTBoSFVFRRAB!2m1!1s0x0:0xe2013697c9b54a21!3m1!1s2@1:CAIQACodChtycF9oOlV6ckY4N3Z5SHV2SDg5QTRra0hHUEE%7C%7C?hl=en-GB;https://www.google.com/maps/place/S.+K.+Electronics/@26.5883622,85.4873171,17z/data=!4m8!3m7!1s0x39ecf12c7e6fa777:0xe2013697c9b54a21!8m2!3d26.5883574!4d85.489892!9m1!1b1!16s%2Fg%2F11wy5qq8fk?entry=ttu&g_ep=EgoyMDI2MDUxMy4wIKXMDSoASAFQAw%3D%3D;;Rohit Gupta;https://www.google.com/maps/contrib/100547398399765254449?hl=en-GB;https://lh3.googleusercontent.com/a-/ALV-UjWwA2Zt-BhVwA05_G2LUDrCO-Ec7AM9YuuKXggQmjjvAAXo26ej2A=s120-c-rp-mo-br100;;2;;;;;Google;0x39ecf12c7e6fa777:0xe2013697c9b54a21;Ci9DQUlRQUNvZENodHljRjlvT2xWNmNrWTROM1o1U0hWMlNEZzVRVFJyYTBoSFVFRRAB
5;10 months ago;2025-07-15T06:36:34.662Z;had a great experience at your electric shop. The staff was knowledgeable and helped me choose the right appliances for my home. The prices were reasonable and the after-sales service was excellent. Keep it up;;https://www.google.com/maps/reviews/data=!4m8!14m7!1m6!2m5!1sCi9DQUlRQUNvZENodHljRjlvT210ZmRURm5NMEZWUlU5WGRuTnVORGxGZEVOdGVHYxAB!2m1!1s0x0:0xe2013697c9b54a21!3m1!1s2@1:CAIQACodChtycF9oOmtfdTFnM0FVRU9XdnNuNDlFdENteGc%7C%7C?hl=en-GB;https://www.google.com/maps/place/S.+K.+Electronics/@26.5883622,85.4873171,17z/data=!4m8!3m7!1s0x39ecf12c7e6fa777:0xe2013697c9b54a21!8m2!3d26.5883574!4d85.489892!9m1!1b1!16s%2Fg%2F11wy5qq8fk?entry=ttu&g_ep=EgoyMDI2MDUxMy4wIKXMDSoASAFQAw%3D%3D;;chandan konar emotional status;https://www.google.com/maps/contrib/111767322139686400481?hl=en-GB;https://lh3.googleusercontent.com/a-/ALV-UjVXjlEBQZOxOae1IRr-8FFWrqy9E4FKIVzP-xPcfvebUk8_EPmK7A=s120-c-rp-mo-br100;;1;;;;;Google;0x39ecf12c7e6fa777:0xe2013697c9b54a21;Ci9DQUlRQUNvZENodHljRjlvT210ZmRURm5NMEZWUlU5WGRuTnVORGxGZEVOdGVHYxAB
5;Edited 10 months ago;2025-01-12T13:12:56.267Z;"Good shop for electrical device
All bajaj home appliances range
anchor and havells wire & power range";;https://www.google.com/maps/reviews/data=!4m8!14m7!1m6!2m5!1sChdDSUhNMG9nS0VJQ0FnSUNfNk5fZXVBRRAB!2m1!1s0x0:0xe2013697c9b54a21!3m1!1s2@1:CIHM0ogKEICAgIC_6N_euAE%7C%7C?hl=en;https://www.google.com/maps/place/S.+K.+Electronics/@26.5883622,85.4873171,17z/data=!4m8!3m7!1s0x39ecf12c7e6fa777:0xe2013697c9b54a21!8m2!3d26.5883574!4d85.489892!9m1!1b1!16s%2Fg%2F11wy5qq8fk?entry=ttu&g_ep=EgoyMDI2MDUxMy4wIKXMDSoASAFQAw%3D%3D;https://lh3.googleusercontent.com/geougc-cs/AMG9lESNMBNNs6c-K08eYn99vxqGQ4OCOgMa0Li3pFjXN4WQ1zF97CBM_0R1rdptApcBM8CxcYPXjQY97hrfqfcfpQ7w6w5NJ9DF0_fvRy8xvn6e6Dm6UEOCCWndLxuqdICS9Fu43MNf, https://lh3.googleusercontent.com/geougc-cs/AMG9lERmF5EoGL4iQe2bB93pNAL_zZo_NtdtNfE1ZgAkMbr6u2pZAH86dyqc_1m7GHnMBCOzt7s8Vam0IRspPc7MIzBoIRhmo2iOT4VxoqEYY6ufXImXY7wyxWR6sZ4B0DyGcBIBSAicAA;Govind karn;https://www.google.com/maps/contrib/112484903027123166950?hl=en;https://lh3.googleusercontent.com/a-/ALV-UjXU2m7icx-Ppwj9pO-a-l1gEX9xq5WnFzED7zjiJd4Nsu1-d-oBaA=s120-c-rp-mo-ba12-br100;24;5;1;;;;Google;0x39ecf12c7e6fa777:0xe2013697c9b54a21;ChdDSUhNMG9nS0VJQ0FnSUNfNk5fZXVBRRAB
5;4 months ago;2026-01-05T14:03:49.916Z;Good product of bajaj and havells at good price great service;;https://www.google.com/maps/reviews/data=!4m8!14m7!1m6!2m5!1sCi9DQUlRQUNvZENodHljRjlvT2toalRGUnVUVk5GU21KbVZ6Qm9WbXhFZW5WcVpIYxAB!2m1!1s0x0:0xe2013697c9b54a21!3m1!1s2@1:CAIQACodChtycF9oOkhjTFRuTVNFSmJmVzBoVmxEenVqZHc%7C%7C?hl=en;https://www.google.com/maps/place/S.+K.+Electronics/@26.5883622,85.4873171,17z/data=!4m8!3m7!1s0x39ecf12c7e6fa777:0xe2013697c9b54a21!8m2!3d26.5883574!4d85.489892!9m1!1b1!16s%2Fg%2F11wy5qq8fk?entry=ttu&g_ep=EgoyMDI2MDUxMy4wIKXMDSoASAFQAw%3D%3D;;Ayush Kumar;https://www.google.com/maps/contrib/107550588440333452436?hl=en;https://lh3.googleusercontent.com/a/ACg8ocKiVd7emc8tFu04N-qCmZ4P7pkG2kGwJes3UBYh0s-9cosg9w=s120-c-rp-mo-br100;;1;;;;;Google;0x39ecf12c7e6fa777:0xe2013697c9b54a21;Ci9DQUlRQUNvZENodHljRjlvT2toalRGUnVUVk5GU21KbVZ6Qm9WbXhFZW5WcVpIYxAB
5;8 months ago;2025-08-19T09:41:01.917Z;"I visited this show room I am feeling best and all staff are well behaviour at Sitamarhi.

So thankful to company & Specially SK electronics Sitamarhi";;https://www.google.com/maps/reviews/data=!4m8!14m7!1m6!2m5!1sCi9DQUlRQUNvZENodHljRjlvT2pCdWNEaGlXakpmY2kxSE1VRkpXRk5FTm5aR01YYxAB!2m1!1s0x0:0xe2013697c9b54a21!3m1!1s2@1:CAIQACodChtycF9oOjBucDhiWjJfci1HMUFJWFNENnZGMXc%7C%7C?hl=en;https://www.google.com/maps/place/S.+K.+Electronics/@26.5883622,85.4873171,17z/data=!4m8!3m7!1s0x39ecf12c7e6fa777:0xe2013697c9b54a21!8m2!3d26.5883574!4d85.489892!9m1!1b1!16s%2Fg%2F11wy5qq8fk?entry=ttu&g_ep=EgoyMDI2MDUxMy4wIKXMDSoASAFQAw%3D%3D;;lalit kumar singh;https://www.google.com/maps/contrib/109725376037580932532?hl=en;https://lh3.googleusercontent.com/a/ACg8ocIW-fjVCgTn89lD6SxwJ9l9KqoPTojVbeJjuenyTTELmmgCxA=s120-c-rp-mo-br100;;1;;;;;Google;0x39ecf12c7e6fa777:0xe2013697c9b54a21;Ci9DQUlRQUNvZENodHljRjlvT2pCdWNEaGlXakpmY2kxSE1VRkpXRk5FTm5aR01YYxAB
5;7 months ago;2025-10-13T08:28:30.618Z;offers very affordable rates  in sk electronics for all electric home appliances.;;https://www.google.com/maps/reviews/data=!4m8!14m7!1m6!2m5!1sCi9DQUlRQUNvZENodHljRjlvT2sxallUTjFTbkl4VGtkTFVtNVlWbE5JYnpkVlJrRRAB!2m1!1s0x0:0xe2013697c9b54a21!3m1!1s2@1:CAIQACodChtycF9oOk1jYTN1SnIxTkdLUm5YVlNIbzdVRkE%7C%7C?hl=en;https://www.google.com/maps/place/S.+K.+Electronics/@26.5883622,85.4873171,17z/data=!4m8!3m7!1s0x39ecf12c7e6fa777:0xe2013697c9b54a21!8m2!3d26.5883574!4d85.489892!9m1!1b1!16s%2Fg%2F11wy5qq8fk?entry=ttu&g_ep=EgoyMDI2MDUxMy4wIKXMDSoASAFQAw%3D%3D;;SITESH KUMAR;https://www.google.com/maps/contrib/106035332709886316284?hl=en;https://lh3.googleusercontent.com/a-/ALV-UjWcrs59ftKwOowzD-Hvk-YttQ2oXhiBuh6t_w1j-sE_3j2rpSZa=s120-c-rp-mo-br100;;3;;;;;Google;0x39ecf12c7e6fa777:0xe2013697c9b54a21;Ci9DQUlRQUNvZENodHljRjlvT2sxallUTjFTbkl4VGtkTFVtNVlWbE5JYnpkVlJrRRAB
5;9 months ago;2025-07-17T12:57:39.100Z;Very good service all the item full range   of bajaj electricals havells india pvt ltd and Anchor by Panasonic om whole sale road.;;https://www.google.com/maps/reviews/data=!4m8!14m7!1m6!2m5!1sCi9DQUlRQUNvZENodHljRjlvT2xWSU4zSnJYMTkyVFdad2EweE5lbmRuWmkweVVtYxAB!2m1!1s0x0:0xe2013697c9b54a21!3m1!1s2@1:CAIQACodChtycF9oOlVIN3JrX192TWZwa0xNendnZi0yUmc%7C%7C?hl=en;https://www.google.com/maps/place/S.+K.+Electronics/@26.5883622,85.4873171,17z/data=!4m8!3m7!1s0x39ecf12c7e6fa777:0xe2013697c9b54a21!8m2!3d26.5883574!4d85.489892!9m1!1b1!16s%2Fg%2F11wy5qq8fk?entry=ttu&g_ep=EgoyMDI2MDUxMy4wIKXMDSoASAFQAw%3D%3D;;Rajivkumar Music centre;https://www.google.com/maps/contrib/109252372110345518660?hl=en;https://lh3.googleusercontent.com/a/ACg8ocLwu3tRVUGhDAsPp0DbFuNjGyIW6U-uquV2Q48ulQwjCheiyg=s120-c-rp-mo-br100;;1;;;;;Google;0x39ecf12c7e6fa777:0xe2013697c9b54a21;Ci9DQUlRQUNvZENodHljRjlvT2xWSU4zSnJYMTkyVFdad2EweE5lbmRuWmkweVVtYxAB
5;4 months ago;2026-01-07T13:58:35.736Z;S K Electronics’s are one of the best Trader in Sitamarhi. ☺️☺️☺️☺️☺️;;https://www.google.com/maps/reviews/data=!4m8!14m7!1m6!2m5!1sCi9DQUlRQUNvZENodHljRjlvT2sxZk5IWTFZbXR1Y2w5MFkxbEtaRWRDZFZSR1IyYxAB!2m1!1s0x0:0xe2013697c9b54a21!3m1!1s2@1:CAIQACodChtycF9oOk1fNHY1Ymtucl90Y1lKZEdCdVRGR2c%7C%7C?hl=en;https://www.google.com/maps/place/S.+K.+Electronics/@26.5883622,85.4873171,17z/data=!4m8!3m7!1s0x39ecf12c7e6fa777:0xe2013697c9b54a21!8m2!3d26.5883574!4d85.489892!9m1!1b1!16s%2Fg%2F11wy5qq8fk?entry=ttu&g_ep=EgoyMDI2MDUxMy4wIKXMDSoASAFQAw%3D%3D;;Abhishek kumar;https://www.google.com/maps/contrib/105896997834765551169?hl=en;https://lh3.googleusercontent.com/a/ACg8ocJu--QnVx-gjUKGkKpEHyyZFeopyDgr9FywuNGfIAJ6k-EFsiOm=s120-c-rp-mo-br100;;3;;;;;Google;0x39ecf12c7e6fa777:0xe2013697c9b54a21;Ci9DQUlRQUNvZENodHljRjlvT2sxZk5IWTFZbXR1Y2w5MFkxbEtaRWRDZFZSR1IyYxAB
5;8 months ago;2025-08-18T13:47:47.685Z;I’ve been buying from S.K. Electronics for a while now, and I must say - they’re one of the most reliable shops in the area.;;https://www.google.com/maps/reviews/data=!4m8!14m7!1m6!2m5!1sCi9DQUlRQUNvZENodHljRjlvT25OSmQxQllUMVJVT0RZNWF6RjZkSE10TkhwRU9XYxAB!2m1!1s0x0:0xe2013697c9b54a21!3m1!1s2@1:CAIQACodChtycF9oOnNJd1BYT1RUODY5azF6dHMtNHpEOWc%7C%7C?hl=en;https://www.google.com/maps/place/S.+K.+Electronics/@26.5883622,85.4873171,17z/data=!4m8!3m7!1s0x39ecf12c7e6fa777:0xe2013697c9b54a21!8m2!3d26.5883574!4d85.489892!9m1!1b1!16s%2Fg%2F11wy5qq8fk?entry=ttu&g_ep=EgoyMDI2MDUxMy4wIKXMDSoASAFQAw%3D%3D;;Anish Raj;https://www.google.com/maps/contrib/111247705790460659015?hl=en;https://lh3.googleusercontent.com/a/ACg8ocJ_OjFRI1-sb-EH8oU6lkov4XFgOtMDIY_kxjOCNL2v6harDtg=s120-c-rp-mo-br100;;1;;;;;Google;0x39ecf12c7e6fa777:0xe2013697c9b54a21;Ci9DQUlRQUNvZENodHljRjlvT25OSmQxQllUMVJVT0RZNWF6RjZkSE10TkhwRU9XYxAB
5;8 months ago;2025-08-26T07:49:17.917Z;Sir first off all i tell you one thing your product is very helpful to us because I'm using your product so many years 👍🫶;;https://www.google.com/maps/reviews/data=!4m8!14m7!1m6!2m5!1sCi9DQUlRQUNvZENodHljRjlvT21oMmNEQmhOMjE2UlVsMVVrNUlTWEV0Y2pkdGJYYxAB!2m1!1s0x0:0xe2013697c9b54a21!3m1!1s2@1:CAIQACodChtycF9oOmh2cDBhN216RUl1Uk5ISXEtcjdtbXc%7C%7C?hl=en;https://www.google.com/maps/place/S.+K.+Electronics/@26.5883622,85.4873171,17z/data=!4m8!3m7!1s0x39ecf12c7e6fa777:0xe2013697c9b54a21!8m2!3d26.5883574!4d85.489892!9m1!1b1!16s%2Fg%2F11wy5qq8fk?entry=ttu&g_ep=EgoyMDI2MDUxMy4wIKXMDSoASAFQAw%3D%3D;;Karmvir Kumar;https://www.google.com/maps/contrib/115888787342427377619?hl=en;https://lh3.googleusercontent.com/a-/ALV-UjWiUAHYuJ9mr_kmJMPCtd5F08weUMVjqc2MCxTcNvyIq1QB2p3L=s120-c-rp-mo-br100;;1;;;;;Google;0x39ecf12c7e6fa777:0xe2013697c9b54a21;Ci9DQUlRQUNvZENodHljRjlvT21oMmNEQmhOMjE2UlVsMVVrNUlTWEV0Y2pkdGJYYxAB
5;a year ago;2025-05-07T12:02:52.845Z;good shop for electronics..a wide range of products are available.;;https://www.google.com/maps/reviews/data=!4m8!14m7!1m6!2m5!1sChZDSUhNMG9nS0VLNnJ2YV90eHFtTVRREAE!2m1!1s0x0:0xe2013697c9b54a21!3m1!1s2@1:CIHM0ogKEK6rva_txqmMTQ%7C%7C?hl=en;https://www.google.com/maps/place/S.+K.+Electronics/@26.5883622,85.4873171,17z/data=!4m8!3m7!1s0x39ecf12c7e6fa777:0xe2013697c9b54a21!8m2!3d26.5883574!4d85.489892!9m1!1b1!16s%2Fg%2F11wy5qq8fk?entry=ttu&g_ep=EgoyMDI2MDUxMy4wIKXMDSoASAFQAw%3D%3D;https://lh3.googleusercontent.com/geougc-cs/AMG9lERBBJNtsGwP1SXRdJi0R-PPOTBNjfQnqDw4RFsQjRPocsfJTAWjs4ie9qMd4kf4v32Vim8ejrxJXiTq-4MUzMh7-g3OCuylqavQY2TBoVh-XyM8dprcz9N6bYcaAjupgliREeexUg;Mayank jaiswal;https://www.google.com/maps/contrib/105406494625010074194?hl=en;https://lh3.googleusercontent.com/a-/ALV-UjVzDZgXBZeZuuwUk_ratQLkT7qosGs-ouUQAsWR9XxVzIE0TluPCQ=s120-c-rp-mo-br100;1;1;;;;;Google;0x39ecf12c7e6fa777:0xe2013697c9b54a21;ChZDSUhNMG9nS0VLNnJ2YV90eHFtTVRREAE
5;a year ago;2025-01-12T12:39:16.644Z;Best experience this place all wiring device available;;https://www.google.com/maps/reviews/data=!4m8!14m7!1m6!2m5!1sChZDSUhNMG9nS0VJQ0FnSUNfNkxuSlF3EAE!2m1!1s0x0:0xe2013697c9b54a21!3m1!1s2@1:CIHM0ogKEICAgIC_6LnJQw%7C%7C?hl=en;https://www.google.com/maps/place/S.+K.+Electronics/@26.5883622,85.4873171,17z/data=!4m8!3m7!1s0x39ecf12c7e6fa777:0xe2013697c9b54a21!8m2!3d26.5883574!4d85.489892!9m1!1b1!16s%2Fg%2F11wy5qq8fk?entry=ttu&g_ep=EgoyMDI2MDUxMy4wIKXMDSoASAFQAw%3D%3D;https://lh3.googleusercontent.com/geougc-cs/AMG9lERK4WeZO4rUIEogxno9qRSGd9dFMU8xqcFroFbmgLLVCr61bgGZt0LU3aTq9hckOpSGyo_YgQ9BqCqL0XGL9LwBf2XKzi-nitrr_TNVEunl3MS52KyT93SNnDFjQUsqBYPv2VrFDg, https://lh3.googleusercontent.com/geougc-cs/AMG9lEQnlceU9WKhnXROmq5Meh7ErQ5vZwCQWfbjAftLswBhU-qjdBTGro3lY3Ej8sPfG8spIsDXx4eJKdzDxuzrnMLuq3Zb0UJsV7xfvANpErz3lNtUEzi_J0QT-XKd92YAmwtC4M_3;Arjun Kumar;https://www.google.com/maps/contrib/103801554654287057945?hl=en;https://lh3.googleusercontent.com/a/ACg8ocJN2iAZK_pMqkLBreHQVFumLBN5NmpNWgqclkJ7VoZ5dEZD3w=s120-c-rp-mo-br100;2;1;;;;;Google;0x39ecf12c7e6fa777:0xe2013697c9b54a21;ChZDSUhNMG9nS0VJQ0FnSUNfNkxuSlF3EAE
5;10 months ago;2025-06-29T11:37:24.219Z;"One of the best distributor of the sitamarhi.
All range avilable bajaj home appliances and achor and havells division.";;https://www.google.com/maps/reviews/data=!4m8!14m7!1m6!2m5!1sCi9DQUlRQUNvZENodHljRjlvT2pCRExWZDZaM2N3YzB4dFQzSm1Na0pFYUhKUlNuYxAB!2m1!1s0x0:0xe2013697c9b54a21!3m1!1s2@1:CAIQACodChtycF9oOjBDLVd6Z3cwc0xtT3JmMkJEaHJRSnc%7C%7C?hl=en;https://www.google.com/maps/place/S.+K.+Electronics/@26.5883622,85.4873171,17z/data=!4m8!3m7!1s0x39ecf12c7e6fa777:0xe2013697c9b54a21!8m2!3d26.5883574!4d85.489892!9m1!1b1!16s%2Fg%2F11wy5qq8fk?entry=ttu&g_ep=EgoyMDI2MDUxMy4wIKXMDSoASAFQAw%3D%3D;;BASANT KUMAR;https://www.google.com/maps/contrib/113733519088264391561?hl=en;https://lh3.googleusercontent.com/a/ACg8ocKp4u-GZJajX4bPO16gsBze9r9LuIq2ChmGvHp0Pe_7_w-LlXDE=s120-c-rp-mo-br100;;4;;;;;Google;0x39ecf12c7e6fa777:0xe2013697c9b54a21;Ci9DQUlRQUNvZENodHljRjlvT2pCRExWZDZaM2N3YzB4dFQzSm1Na0pFYUhKUlNuYxAB
5;9 months ago;2025-07-17T12:56:05.825Z;"Very Nice Shop with a wide range of Anchor and Bajaj products at very reasonable price.
Please Visit";;https://www.google.com/maps/reviews/data=!4m8!14m7!1m6!2m5!1sCi9DQUlRQUNvZENodHljRjlvT2s5a1RsaFNTQzFZU0hKVGRFNDBUSGxEYm1Od05uYxAB!2m1!1s0x0:0xe2013697c9b54a21!3m1!1s2@1:CAIQACodChtycF9oOk9kTlhSSC1YSHJTdE40THlDbmNwNnc%7C%7C?hl=en;https://www.google.com/maps/place/S.+K.+Electronics/@26.5883622,85.4873171,17z/data=!4m8!3m7!1s0x39ecf12c7e6fa777:0xe2013697c9b54a21!8m2!3d26.5883574!4d85.489892!9m1!1b1!16s%2Fg%2F11wy5qq8fk?entry=ttu&g_ep=EgoyMDI2MDUxMy4wIKXMDSoASAFQAw%3D%3D;;Anil Anand;https://www.google.com/maps/contrib/114265866330702937496?hl=en;https://lh3.googleusercontent.com/a/ACg8ocI-XTs5kdm53ItC5HxdolQQC7sf6F5Aie61udEFRCMtGppQDQ=s120-c-rp-mo-br100;;1;;;;;Google;0x39ecf12c7e6fa777:0xe2013697c9b54a21;Ci9DQUlRQUNvZENodHljRjlvT2s5a1RsaFNTQzFZU0hKVGRFNDBUSGxEYm1Od05uYxAB
5;a year ago;2025-04-24T16:02:29.212Z;Good shop for electronics..wide range of products are available . Staff is helpful and prices are fair.  Happy with my visit..;;https://www.google.com/maps/reviews/data=!4m8!14m7!1m6!2m5!1sChdDSUhNMG9nS0VJQ0FnTURvdHZqejJRRRAB!2m1!1s0x0:0xe2013697c9b54a21!3m1!1s2@1:CIHM0ogKEICAgMDotvjz2QE%7C%7C?hl=en;https://www.google.com/maps/place/S.+K.+Electronics/@26.5883622,85.4873171,17z/data=!4m8!3m7!1s0x39ecf12c7e6fa777:0xe2013697c9b54a21!8m2!3d26.5883574!4d85.489892!9m1!1b1!16s%2Fg%2F11wy5qq8fk?entry=ttu&g_ep=EgoyMDI2MDUxMy4wIKXMDSoASAFQAw%3D%3D;;Saurav Raj;https://www.google.com/maps/contrib/104352003421041310016?hl=en;https://lh3.googleusercontent.com/a-/ALV-UjUOn2V-HtJiEydh_HEDx25PnOOgTDIc8RCj0EUACchDBx4c3BCl=s120-c-rp-mo-br100;;2;;;;;Google;0x39ecf12c7e6fa777:0xe2013697c9b54a21;ChdDSUhNMG9nS0VJQ0FnTURvdHZqejJRRRAB
5;8 months ago;2025-08-26T07:42:21.067Z;Bajaj Jx30 500W juicer mixer grinder...your product is good 👍👍👍;;https://www.google.com/maps/reviews/data=!4m8!14m7!1m6!2m5!1sCi9DQUlRQUNvZENodHljRjlvT2pVME5FNUlWWGN3U2xSRVIxWXpSM1l3UW5KRGJGRRAB!2m1!1s0x0:0xe2013697c9b54a21!3m1!1s2@1:CAIQACodChtycF9oOjU0NE5IVXcwSlRER1YzR3YwQnJDbFE%7C%7C?hl=en;https://www.google.com/maps/place/S.+K.+Electronics/@26.5883622,85.4873171,17z/data=!4m8!3m7!1s0x39ecf12c7e6fa777:0xe2013697c9b54a21!8m2!3d26.5883574!4d85.489892!9m1!1b1!16s%2Fg%2F11wy5qq8fk?entry=ttu&g_ep=EgoyMDI2MDUxMy4wIKXMDSoASAFQAw%3D%3D;;Pankaj Kumar;https://www.google.com/maps/contrib/103217998567014425417?hl=en;https://lh3.googleusercontent.com/a-/ALV-UjVrT5KLk5PFGFkkJKzguCn4bws4crpuoTb2x-BVYlTxkX58Fp3e=s120-c-rp-mo-br100;;2;;;;;Google;0x39ecf12c7e6fa777:0xe2013697c9b54a21;Ci9DQUlRQUNvZENodHljRjlvT2pVME5FNUlWWGN3U2xSRVIxWXpSM1l3UW5KRGJGRRAB
5;8 months ago;2025-08-19T10:19:00.300Z;I am Government Employee, This Shop is best electricity product like a Havells, Anchor, Bajaj;;https://www.google.com/maps/reviews/data=!4m8!14m7!1m6!2m5!1sCi9DQUlRQUNvZENodHljRjlvT2xSd1pVMTFVRGxRTW1sV1RHOVphVUkxWjFWV0xVRRAB!2m1!1s0x0:0xe2013697c9b54a21!3m1!1s2@1:CAIQACodChtycF9oOlRwZU11UDlQMmlWTG9ZaUI1Z1VWLUE%7C%7C?hl=en;https://www.google.com/maps/place/S.+K.+Electronics/@26.5883622,85.4873171,17z/data=!4m8!3m7!1s0x39ecf12c7e6fa777:0xe2013697c9b54a21!8m2!3d26.5883574!4d85.489892!9m1!1b1!16s%2Fg%2F11wy5qq8fk?entry=ttu&g_ep=EgoyMDI2MDUxMy4wIKXMDSoASAFQAw%3D%3D;;Aaren k;https://www.google.com/maps/contrib/109703818669721170012?hl=en;https://lh3.googleusercontent.com/a/ACg8ocIvGwDdlFAsW8H9AMRPrh8WjJzvbfc1TRR1rKtN0W7A93sHjQ=s120-c-rp-mo-br100;2;2;;;;;Google;0x39ecf12c7e6fa777:0xe2013697c9b54a21;Ci9DQUlRQUNvZENodHljRjlvT2xSd1pVMTFVRGxRTW1sV1RHOVphVUkxWjFWV0xVRRAB
5;3 months ago;2026-02-10T13:26:12.877Z;The Quality Of The Product Were Too Good;;https://www.google.com/maps/reviews/data=!4m8!14m7!1m6!2m5!1sCi9DQUlRQUNvZENodHljRjlvT210WVdHVlhOamRZYTFsblNrSnhUemhhUkhKbk0xRRAB!2m1!1s0x0:0xe2013697c9b54a21!3m1!1s2@1:CAIQACodChtycF9oOmtYWGVXNjdYa1lnSkJxTzhaRHJnM1E%7C%7C?hl=en;https://www.google.com/maps/place/S.+K.+Electronics/@26.5883622,85.4873171,17z/data=!4m8!3m7!1s0x39ecf12c7e6fa777:0xe2013697c9b54a21!8m2!3d26.5883574!4d85.489892!9m1!1b1!16s%2Fg%2F11wy5qq8fk?entry=ttu&g_ep=EgoyMDI2MDUxMy4wIKXMDSoASAFQAw%3D%3D;;the man;https://www.google.com/maps/contrib/100696299643388206583?hl=en;https://lh3.googleusercontent.com/a-/ALV-UjXh2dqOsyieLQgTOYlkipFF4Cl5S2mgfpxP9DjFGiGVFAD0o0Tg=s120-c-rp-mo-br100;;1;;;;;Google;0x39ecf12c7e6fa777:0xe2013697c9b54a21;Ci9DQUlRQUNvZENodHljRjlvT210WVdHVlhOamRZYTFsblNrSnhUemhhUkhKbk0xRRAB
5;8 months ago;2025-08-19T10:15:29.032Z;Good Service and Best Product Anchor, Bajaj, And Havells;;https://www.google.com/maps/reviews/data=!4m8!14m7!1m6!2m5!1sCi9DQUlRQUNvZENodHljRjlvT20xMmFGQnJNR1pZYTFwZlZGaExabEoxWWtsTldGRRAB!2m1!1s0x0:0xe2013697c9b54a21!3m1!1s2@1:CAIQACodChtycF9oOm12aFBrMGZYa1pfVFhLZlJ1YklNWFE%7C%7C?hl=en;https://www.google.com/maps/place/S.+K.+Electronics/@26.5883622,85.4873171,17z/data=!4m8!3m7!1s0x39ecf12c7e6fa777:0xe2013697c9b54a21!8m2!3d26.5883574!4d85.489892!9m1!1b1!16s%2Fg%2F11wy5qq8fk?entry=ttu&g_ep=EgoyMDI2MDUxMy4wIKXMDSoASAFQAw%3D%3D;;Shravan Yadav;https://www.google.com/maps/contrib/116226768670673490704?hl=en;https://lh3.googleusercontent.com/a-/ALV-UjUW81NzToOYSmtsPZGmn1_nDhA3V5vU0Pperab8ZWSLSHQ0hris=s120-c-rp-mo-br100;;1;;;;;Google;0x39ecf12c7e6fa777:0xe2013697c9b54a21;Ci9DQUlRQUNvZENodHljRjlvT20xMmFGQnJNR1pZYTFwZlZGaExabEoxWWtsTldGRRAB
5;9 months ago;2025-07-23T14:28:40.956Z;Best in sitamarhi bihar this shop.is good for all electric item please visit this shop.;;https://www.google.com/maps/reviews/data=!4m8!14m7!1m6!2m5!1sCi9DQUlRQUNvZENodHljRjlvT2tGMWFtNTFja1IyZW5GYVRYZFhWREZpYjNWSldIYxAB!2m1!1s0x0:0xe2013697c9b54a21!3m1!1s2@1:CAIQACodChtycF9oOkF1am51ckR2enFaTXdXVDFib3VJWHc%7C%7C?hl=en;https://www.google.com/maps/place/S.+K.+Electronics/@26.5883622,85.4873171,17z/data=!4m8!3m7!1s0x39ecf12c7e6fa777:0xe2013697c9b54a21!8m2!3d26.5883574!4d85.489892!9m1!1b1!16s%2Fg%2F11wy5qq8fk?entry=ttu&g_ep=EgoyMDI2MDUxMy4wIKXMDSoASAFQAw%3D%3D;;Abhishek Agrawal;https://www.google.com/maps/contrib/113221850708999012554?hl=en;https://lh3.googleusercontent.com/a/ACg8ocIAo9INcEkE4Lvrqucb5_uyRpNkKV-k12cx-iMmyWSppYcZdw=s120-c-rp-mo-br100;;1;;;;;Google;0x39ecf12c7e6fa777:0xe2013697c9b54a21;Ci9DQUlRQUNvZENodHljRjlvT2tGMWFtNTFja1IyZW5GYVRYZFhWREZpYjNWSldIYxAB
5;7 months ago;2025-10-03T13:06:07.421Z;Very good collection of house wiring  and home appliance;;https://www.google.com/maps/reviews/data=!4m8!14m7!1m6!2m5!1sCi9DQUlRQUNvZENodHljRjlvT25ScE1qSkdaRWhFWkRKbU1VTktka2xMTm5reVMwRRAB!2m1!1s0x0:0xe2013697c9b54a21!3m1!1s2@1:CAIQACodChtycF9oOnRpMjJGZEhEZDJmMUNKdklLNnkyS0E%7C%7C?hl=en;https://www.google.com/maps/place/S.+K.+Electronics/@26.5883622,85.4873171,17z/data=!4m8!3m7!1s0x39ecf12c7e6fa777:0xe2013697c9b54a21!8m2!3d26.5883574!4d85.489892!9m1!1b1!16s%2Fg%2F11wy5qq8fk?entry=ttu&g_ep=EgoyMDI2MDUxMy4wIKXMDSoASAFQAw%3D%3D;;MONU KUMAR;https://www.google.com/maps/contrib/103137189344763779690?hl=en;https://lh3.googleusercontent.com/a/ACg8ocI2ikrxSYMnfyQ3jdAbesroFeg_FoX82Zo2bXBI_9quoPkTqPs=s120-c-rp-mo-br100;;1;;;;;Google;0x39ecf12c7e6fa777:0xe2013697c9b54a21;Ci9DQUlRQUNvZENodHljRjlvT25ScE1qSkdaRWhFWkRKbU1VTktka2xMTm5reVMwRRAB
5;3 months ago;2026-02-10T13:27:05.456Z;"The products were good
Original product";;https://www.google.com/maps/reviews/data=!4m8!14m7!1m6!2m5!1sCi9DQUlRQUNvZENodHljRjlvT2pKQlMyVjFjbmszTFc5YVF5MXVRUzFZTWs0d2FHYxAB!2m1!1s0x0:0xe2013697c9b54a21!3m1!1s2@1:CAIQACodChtycF9oOjJBS2V1cnk3LW9aQy1uQS1YMk4waGc%7C%7C?hl=en;https://www.google.com/maps/place/S.+K.+Electronics/@26.5883622,85.4873171,17z/data=!4m8!3m7!1s0x39ecf12c7e6fa777:0xe2013697c9b54a21!8m2!3d26.5883574!4d85.489892!9m1!1b1!16s%2Fg%2F11wy5qq8fk?entry=ttu&g_ep=EgoyMDI2MDUxMy4wIKXMDSoASAFQAw%3D%3D;;Sabeel Misbah;https://www.google.com/maps/contrib/114152007465573532165?hl=en;https://lh3.googleusercontent.com/a-/ALV-UjXb73LNUcFO5liP27cDVGJSqsNrDzQHrJJzHnq1Dv3jR-TfenB0=s120-c-rp-mo-br100;;1;;;;;Google;0x39ecf12c7e6fa777:0xe2013697c9b54a21;Ci9DQUlRQUNvZENodHljRjlvT2pKQlMyVjFjbmszTFc5YVF5MXVRUzFZTWs0d2FHYxAB
5;9 months ago;2025-08-13T13:03:29.030Z;"Good location, good behavior.
Best price and verity of products.";;https://www.google.com/maps/reviews/data=!4m8!14m7!1m6!2m5!1sCi9DQUlRQUNvZENodHljRjlvT21VMlYzSmFjRk5sZFRSRlR6UlhkazB6YVdFNGRIYxAB!2m1!1s0x0:0xe2013697c9b54a21!3m1!1s2@1:CAIQACodChtycF9oOmU2V3JacFNldTRFTzRXdk0zaWE4dHc%7C%7C?hl=en;https://www.google.com/maps/place/S.+K.+Electronics/@26.5883622,85.4873171,17z/data=!4m8!3m7!1s0x39ecf12c7e6fa777:0xe2013697c9b54a21!8m2!3d26.5883574!4d85.489892!9m1!1b1!16s%2Fg%2F11wy5qq8fk?entry=ttu&g_ep=EgoyMDI2MDUxMy4wIKXMDSoASAFQAw%3D%3D;;Forbidden Memories;https://www.google.com/maps/contrib/103371749461495665504?hl=en;https://lh3.googleusercontent.com/a-/ALV-UjW-E68-0ipQDdn8j_AsjwQosp7zYK6KFKqxj2ESYaenQvHDiioM=s120-c-rp-mo-ba5-br100;1976;127;1;;;;Google;0x39ecf12c7e6fa777:0xe2013697c9b54a21;Ci9DQUlRQUNvZENodHljRjlvT21VMlYzSmFjRk5sZFRSRlR6UlhkazB6YVdFNGRIYxAB
5;10 months ago;2025-06-22T07:24:37.542Z;Best place for Electric and electronics item. behaviour and service is also best.;;https://www.google.com/maps/reviews/data=!4m8!14m7!1m6!2m5!1sCi9DQUlRQUNvZENodHljRjlvT2xFMWRYcFpkamx4VjJJd1JEVmlhemhWYW1SWGMzYxAB!2m1!1s0x0:0xe2013697c9b54a21!3m1!1s2@1:CAIQACodChtycF9oOlE1dXpZdjlxV2IwRDViazhVamRXc3c%7C%7C?hl=en;https://www.google.com/maps/place/S.+K.+Electronics/@26.5883622,85.4873171,17z/data=!4m8!3m7!1s0x39ecf12c7e6fa777:0xe2013697c9b54a21!8m2!3d26.5883574!4d85.489892!9m1!1b1!16s%2Fg%2F11wy5qq8fk?entry=ttu&g_ep=EgoyMDI2MDUxMy4wIKXMDSoASAFQAw%3D%3D;;AMIR NEHAL;https://www.google.com/maps/contrib/114405073098095869210?hl=en;https://lh3.googleusercontent.com/a/ACg8ocKsytPxZ1YQU83CL7znOZwiLrEe7BG9WIBBanorxIPMYu54Vg=s120-c-rp-mo-br100;;3;;;;;Google;0x39ecf12c7e6fa777:0xe2013697c9b54a21;Ci9DQUlRQUNvZENodHljRjlvT2xFMWRYcFpkamx4VjJJd1JEVmlhemhWYW1SWGMzYxAB
5;8 months ago;2025-09-14T09:11:01.734Z;just made our day thanks for good behaviour;;https://www.google.com/maps/reviews/data=!4m8!14m7!1m6!2m5!1sCi9DQUlRQUNvZENodHljRjlvT2tzelJFSlBPRlZJTVd4bE1VWjJSeTAyT1RFd1IzYxAB!2m1!1s0x0:0xe2013697c9b54a21!3m1!1s2@1:CAIQACodChtycF9oOkszREJPOFVIMWxlMUZ2Ry02OTEwR3c%7C%7C?hl=en;https://www.google.com/maps/place/S.+K.+Electronics/@26.5883622,85.4873171,17z/data=!4m8!3m7!1s0x39ecf12c7e6fa777:0xe2013697c9b54a21!8m2!3d26.5883574!4d85.489892!9m1!1b1!16s%2Fg%2F11wy5qq8fk?entry=ttu&g_ep=EgoyMDI2MDUxMy4wIKXMDSoASAFQAw%3D%3D;;Shashi Ranjan Kumar;https://www.google.com/maps/contrib/107011206330233346059?hl=en;https://lh3.googleusercontent.com/a-/ALV-UjU2CPKDfJNMfUD9cnkibqFfrWdoQbCiSEo5Qu9kePgvs70i-og=s120-c-rp-mo-br100;4;5;;;;;Google;0x39ecf12c7e6fa777:0xe2013697c9b54a21;Ci9DQUlRQUNvZENodHljRjlvT2tzelJFSlBPRlZJTVd4bE1VWjJSeTAyT1RFd1IzYxAB
5;8 months ago;2025-08-19T10:17:03.714Z;Amazing service I am totally satisfied with this shop.;;https://www.google.com/maps/reviews/data=!4m8!14m7!1m6!2m5!1sCi9DQUlRQUNvZENodHljRjlvT2xSalVVWkdlVFkxWHpKMFJYZDFha1kwY0dWM0xWRRAB!2m1!1s0x0:0xe2013697c9b54a21!3m1!1s2@1:CAIQACodChtycF9oOlRjUUZGeTY1XzJ0RXd1akY0cGV3LVE%7C%7C?hl=en;https://www.google.com/maps/place/S.+K.+Electronics/@26.5883622,85.4873171,17z/data=!4m8!3m7!1s0x39ecf12c7e6fa777:0xe2013697c9b54a21!8m2!3d26.5883574!4d85.489892!9m1!1b1!16s%2Fg%2F11wy5qq8fk?entry=ttu&g_ep=EgoyMDI2MDUxMy4wIKXMDSoASAFQAw%3D%3D;;DEEPAK KUMAR YADAV;https://www.google.com/maps/contrib/108286104774919574096?hl=en;https://lh3.googleusercontent.com/a-/ALV-UjXWzSqDrs05Q9_UvHxcBW3UqyjRVD1EUF0ewPfMNIJwvCcwQ4o=s120-c-rp-mo-br100;;2;;;;;Google;0x39ecf12c7e6fa777:0xe2013697c9b54a21;Ci9DQUlRQUNvZENodHljRjlvT2xSalVVWkdlVFkxWHpKMFJYZDFha1kwY0dWM0xWRRAB
5;6 months ago;2025-10-31T06:20:03.377Z;Very cheap price and good behaviar;;https://www.google.com/maps/reviews/data=!4m8!14m7!1m6!2m5!1sCi9DQUlRQUNvZENodHljRjlvT21Wb2FFcEdValpuTTB0dllYQTJZbkEwYXpadFJVRRAB!2m1!1s0x0:0xe2013697c9b54a21!3m1!1s2@1:CAIQACodChtycF9oOmVoaEpGUjZnM0tvYXA2YnA0azZtRUE%7C%7C?hl=en;https://www.google.com/maps/place/S.+K.+Electronics/@26.5883622,85.4873171,17z/data=!4m8!3m7!1s0x39ecf12c7e6fa777:0xe2013697c9b54a21!8m2!3d26.5883574!4d85.489892!9m1!1b1!16s%2Fg%2F11wy5qq8fk?entry=ttu&g_ep=EgoyMDI2MDUxMy4wIKXMDSoASAFQAw%3D%3D;;Raja Jaiswal;https://www.google.com/maps/contrib/113808440273884544240?hl=en;https://lh3.googleusercontent.com/a/ACg8ocLzqx5sUP39qrLlwlc3X1S1ZqoOR18q2Oi4cwun16CRUSYpaw=s120-c-rp-mo-br100;;2;;;;;Google;0x39ecf12c7e6fa777:0xe2013697c9b54a21;Ci9DQUlRQUNvZENodHljRjlvT21Wb2FFcEdValpuTTB0dllYQTJZbkEwYXpadFJVRRAB
5;7 months ago;2025-09-19T13:28:11.933Z;Your shop items are better quality;;https://www.google.com/maps/reviews/data=!4m8!14m7!1m6!2m5!1sCi9DQUlRQUNvZENodHljRjlvT25RdFpraGpUVEJmV0RKVFJuUTJlblJyT0RGRk1rRRAB!2m1!1s0x0:0xe2013697c9b54a21!3m1!1s2@1:CAIQACodChtycF9oOnQtZkhjTTBfWDJTRnQ2enRrODFFMkE%7C%7C?hl=en;https://www.google.com/maps/place/S.+K.+Electronics/@26.5883622,85.4873171,17z/data=!4m8!3m7!1s0x39ecf12c7e6fa777:0xe2013697c9b54a21!8m2!3d26.5883574!4d85.489892!9m1!1b1!16s%2Fg%2F11wy5qq8fk?entry=ttu&g_ep=EgoyMDI2MDUxMy4wIKXMDSoASAFQAw%3D%3D;;Raju Kumar;https://www.google.com/maps/contrib/114268476378926125752?hl=en;https://lh3.googleusercontent.com/a/ACg8ocLTnglRKmVDYRgLJBpxOTL9hafvmPAnO5KRB3j51DSAwRWlBw=s120-c-rp-mo-br100;;1;;;;;Google;0x39ecf12c7e6fa777:0xe2013697c9b54a21;Ci9DQUlRQUNvZENodHljRjlvT25RdFpraGpUVEJmV0RKVFJuUTJlblJyT0RGRk1rRRAB
5;11 months ago;2025-06-13T07:37:10.777Z;Better service all in one electronic goods shop very nice behavior;;https://www.google.com/maps/reviews/data=!4m8!14m7!1m6!2m5!1sCi9DQUlRQUNvZENodHljRjlvT2tReFJrMWpiVFJCVm1JMlJGaDRUamhpV1VwWE1uYxAB!2m1!1s0x0:0xe2013697c9b54a21!3m1!1s2@1:CAIQACodChtycF9oOkQxRk1jbTRBVmI2RFh4TjhiWUpXMnc%7C%7C?hl=en;https://www.google.com/maps/place/S.+K.+Electronics/@26.5883622,85.4873171,17z/data=!4m8!3m7!1s0x39ecf12c7e6fa777:0xe2013697c9b54a21!8m2!3d26.5883574!4d85.489892!9m1!1b1!16s%2Fg%2F11wy5qq8fk?entry=ttu&g_ep=EgoyMDI2MDUxMy4wIKXMDSoASAFQAw%3D%3D;;Nikhil Paswan;https://www.google.com/maps/contrib/111253312737453688792?hl=en;https://lh3.googleusercontent.com/a/ACg8ocI4NPsp9ZhHz_uNzVaMN_sXk_6k4RFBigxuHo2ZCrND4_9_xA=s120-c-rp-mo-br100;;1;;;;;Google;0x39ecf12c7e6fa777:0xe2013697c9b54a21;Ci9DQUlRQUNvZENodHljRjlvT2tReFJrMWpiVFJCVm1JMlJGaDRUamhpV1VwWE1uYxAB
5;2 months ago;2026-02-26T11:42:04.088Z;Best quality, Best behaviour;;https://www.google.com/maps/reviews/data=!4m8!14m7!1m6!2m5!1sCi9DQUlRQUNvZENodHljRjlvT2t0MVNqUnZjM00yVld4eVlWZzFNbkZRYTBWMmMyYxAB!2m1!1s0x0:0xe2013697c9b54a21!3m1!1s2@1:CAIQACodChtycF9oOkt1SjRvc3M2VWxyYVg1MnFQa0V2c2c%7C%7C?hl=en;https://www.google.com/maps/place/S.+K.+Electronics/@26.5883622,85.4873171,17z/data=!4m8!3m7!1s0x39ecf12c7e6fa777:0xe2013697c9b54a21!8m2!3d26.5883574!4d85.489892!9m1!1b1!16s%2Fg%2F11wy5qq8fk?entry=ttu&g_ep=EgoyMDI2MDUxMy4wIKXMDSoASAFQAw%3D%3D;;Pranav Shandilya;https://www.google.com/maps/contrib/107373068204043180246?hl=en;https://lh3.googleusercontent.com/a-/ALV-UjWiKM1xBAlSkwRRjdGVJvQyCbxofIMIANhfkMGNUMBKQdepuheEgQ=s120-c-rp-mo-br100;;1;;;;;Google;0x39ecf12c7e6fa777:0xe2013697c9b54a21;Ci9DQUlRQUNvZENodHljRjlvT2t0MVNqUnZjM00yVld4eVlWZzFNbkZRYTBWMmMyYxAB
5;a year ago;2025-01-14T08:02:57.259Z;Very nice shop and anchor bajaj havells aur product are available for good quantity;;https://www.google.com/maps/reviews/data=!4m8!14m7!1m6!2m5!1sChdDSUhNMG9nS0VJQ0FnSUNfd3F6VWxnRRAB!2m1!1s0x0:0xe2013697c9b54a21!3m1!1s2@1:CIHM0ogKEICAgIC_wqzUlgE%7C%7C?hl=en;https://www.google.com/maps/place/S.+K.+Electronics/@26.5883622,85.4873171,17z/data=!4m8!3m7!1s0x39ecf12c7e6fa777:0xe2013697c9b54a21!8m2!3d26.5883574!4d85.489892!9m1!1b1!16s%2Fg%2F11wy5qq8fk?entry=ttu&g_ep=EgoyMDI2MDUxMy4wIKXMDSoASAFQAw%3D%3D;;Rakesh Kumar;https://www.google.com/maps/contrib/107348726005789689695?hl=en;https://lh3.googleusercontent.com/a/ACg8ocL1htA4lNHjFHDvvHQ475Rujk8wJ4mMFAxPZE3Dc18195fgmeM=s120-c-rp-mo-br100;;1;;;;;Google;0x39ecf12c7e6fa777:0xe2013697c9b54a21;ChdDSUhNMG9nS0VJQ0FnSUNfd3F6VWxnRRAB
5;6 months ago;2025-10-24T07:49:06.983Z;Good service and rate;;https://www.google.com/maps/reviews/data=!4m8!14m7!1m6!2m5!1sCi9DQUlRQUNvZENodHljRjlvT21WRlNrUnRaMU55Tm5kdVJVRkZjMDV0ZUd3MFVVRRAB!2m1!1s0x0:0xe2013697c9b54a21!3m1!1s2@1:CAIQACodChtycF9oOmVFSkRtZ1NyNnduRUFFc05teGw0UUE%7C%7C?hl=en;https://www.google.com/maps/place/S.+K.+Electronics/@26.5883622,85.4873171,17z/data=!4m8!3m7!1s0x39ecf12c7e6fa777:0xe2013697c9b54a21!8m2!3d26.5883574!4d85.489892!9m1!1b1!16s%2Fg%2F11wy5qq8fk?entry=ttu&g_ep=EgoyMDI2MDUxMy4wIKXMDSoASAFQAw%3D%3D;;Sk gupta;https://www.google.com/maps/contrib/103303927329086382891?hl=en;https://lh3.googleusercontent.com/a-/ALV-UjV4KSyj_A3J4gd17JKgzntjiv6xEeip7rSkLyM3JsHYnZHA1Zw=s120-c-rp-mo-br100;;3;;;;;Google;0x39ecf12c7e6fa777:0xe2013697c9b54a21;Ci9DQUlRQUNvZENodHljRjlvT21WRlNrUnRaMU55Tm5kdVJVRkZjMDV0ZUd3MFVVRRAB
5;a year ago;2025-01-12T10:11:35.743Z;The store offers a wide range of Anchor and Bajaj products at best price .;;https://www.google.com/maps/reviews/data=!4m8!14m7!1m6!2m5!1sChdDSUhNMG9nS0VJQ0FnSUNfcU5EbjRRRRAB!2m1!1s0x0:0xe2013697c9b54a21!3m1!1s2@1:CIHM0ogKEICAgIC_qNDn4QE%7C%7C?hl=en;https://www.google.com/maps/place/S.+K.+Electronics/@26.5883622,85.4873171,17z/data=!4m8!3m7!1s0x39ecf12c7e6fa777:0xe2013697c9b54a21!8m2!3d26.5883574!4d85.489892!9m1!1b1!16s%2Fg%2F11wy5qq8fk?entry=ttu&g_ep=EgoyMDI2MDUxMy4wIKXMDSoASAFQAw%3D%3D;;shiwani kumari;https://www.google.com/maps/contrib/112183755094027331354?hl=en;https://lh3.googleusercontent.com/a/ACg8ocJWubaGKlEF9GYuuN_lFNokAdiT8WpJY3psSPokPB-Gsh5Hgg=s120-c-rp-mo-br100;;5;;;;;Google;0x39ecf12c7e6fa777:0xe2013697c9b54a21;ChdDSUhNMG9nS0VJQ0FnSUNfcU5EbjRRRRAB
5;10 months ago;2025-06-29T11:38:18.736Z;"Best distributor in sitamarhi.
Fast and good service";;https://www.google.com/maps/reviews/data=!4m8!14m7!1m6!2m5!1sCi9DQUlRQUNvZENodHljRjlvT21Vek5FRk9OekZ2YjJ4dWRreHZOamhxWVRoeFZHYxAB!2m1!1s0x0:0xe2013697c9b54a21!3m1!1s2@1:CAIQACodChtycF9oOmUzNEFONzFvb2xudkxvNjhqYThxVGc%7C%7C?hl=en;https://www.google.com/maps/place/S.+K.+Electronics/@26.5883622,85.4873171,17z/data=!4m8!3m7!1s0x39ecf12c7e6fa777:0xe2013697c9b54a21!8m2!3d26.5883574!4d85.489892!9m1!1b1!16s%2Fg%2F11wy5qq8fk?entry=ttu&g_ep=EgoyMDI2MDUxMy4wIKXMDSoASAFQAw%3D%3D;;BASANT KUMAR;https://www.google.com/maps/contrib/114000355579043176225?hl=en;https://lh3.googleusercontent.com/a/ACg8ocIFhKUK8iK6TY7FYAV7TW24om2a6fcBdG984wChCBccrIfv3Q=s120-c-rp-mo-br100;;1;;;;;Google;0x39ecf12c7e6fa777:0xe2013697c9b54a21;Ci9DQUlRQUNvZENodHljRjlvT21Vek5FRk9OekZ2YjJ4dWRreHZOamhxWVRoeFZHYxAB
5;a year ago;2025-03-09T08:45:25.941Z;S k electronics it's a not a name just like a brand of Sitamarhi,,,all electrical accessories available in cheap and best price;;https://www.google.com/maps/reviews/data=!4m8!14m7!1m6!2m5!1sChZDSUhNMG9nS0VJQ0FnTURROUs2RGZ3EAE!2m1!1s0x0:0xe2013697c9b54a21!3m1!1s2@1:CIHM0ogKEICAgMDQ9K6Dfw%7C%7C?hl=en;https://www.google.com/maps/place/S.+K.+Electronics/@26.5883622,85.4873171,17z/data=!4m8!3m7!1s0x39ecf12c7e6fa777:0xe2013697c9b54a21!8m2!3d26.5883574!4d85.489892!9m1!1b1!16s%2Fg%2F11wy5qq8fk?entry=ttu&g_ep=EgoyMDI2MDUxMy4wIKXMDSoASAFQAw%3D%3D;;ketan singh;https://www.google.com/maps/contrib/116343295365738464550?hl=en;https://lh3.googleusercontent.com/a-/ALV-UjWtgEMQH5LkHPA49tckCm5A4zF6dJSXr_uAA5DRV9rHS7mCyVQiZQ=s120-c-rp-mo-br100;;4;;;;;Google;0x39ecf12c7e6fa777:0xe2013697c9b54a21;ChZDSUhNMG9nS0VJQ0FnTURROUs2RGZ3EAE
5;9 months ago;2025-08-06T13:29:56.179Z;Best quality of things are available in this shop;;https://www.google.com/maps/reviews/data=!4m8!14m7!1m6!2m5!1sCi9DQUlRQUNvZENodHljRjlvT2xodlNsRmZWa2h5TkRCeFQzaFdSRFZsZW5Sb1pYYxAB!2m1!1s0x0:0xe2013697c9b54a21!3m1!1s2@1:CAIQACodChtycF9oOlhvSlFfVkhyNDBxT3hWRDVlenRoZXc%7C%7C?hl=en;https://www.google.com/maps/place/S.+K.+Electronics/@26.5883622,85.4873171,17z/data=!4m8!3m7!1s0x39ecf12c7e6fa777:0xe2013697c9b54a21!8m2!3d26.5883574!4d85.489892!9m1!1b1!16s%2Fg%2F11wy5qq8fk?entry=ttu&g_ep=EgoyMDI2MDUxMy4wIKXMDSoASAFQAw%3D%3D;;Aditya Raj;https://www.google.com/maps/contrib/113721757588376459113?hl=en;https://lh3.googleusercontent.com/a/ACg8ocLXExyVvR28iS150PmZ9kBHLulCW0-UNpeILmU0f7PQS7P6=s120-c-rp-mo-br100;;1;;;;;Google;0x39ecf12c7e6fa777:0xe2013697c9b54a21;Ci9DQUlRQUNvZENodHljRjlvT2xodlNsRmZWa2h5TkRCeFQzaFdSRFZsZW5Sb1pYYxAB
5;a year ago;2025-01-12T16:03:55.123Z;Very good place with a variety of wiring and all the electrical products and it's a must visit place Damn it !;;https://www.google.com/maps/reviews/data=!4m8!14m7!1m6!2m5!1sChdDSUhNMG9nS0VJQ0FnSUNfMkl2TndnRRAB!2m1!1s0x0:0xe2013697c9b54a21!3m1!1s2@1:CIHM0ogKEICAgIC_2IvNwgE%7C%7C?hl=en;https://www.google.com/maps/place/S.+K.+Electronics/@26.5883622,85.4873171,17z/data=!4m8!3m7!1s0x39ecf12c7e6fa777:0xe2013697c9b54a21!8m2!3d26.5883574!4d85.489892!9m1!1b1!16s%2Fg%2F11wy5qq8fk?entry=ttu&g_ep=EgoyMDI2MDUxMy4wIKXMDSoASAFQAw%3D%3D;;Rinku Kumar;https://www.google.com/maps/contrib/102786282749897434058?hl=en;https://lh3.googleusercontent.com/a/ACg8ocLq2zI6aBWjWNxZEX4vHnzHHqIW_z1NYb2QaKM0nVMEZC3h_A=s120-c-rp-mo-br100;;1;;;;;Google;0x39ecf12c7e6fa777:0xe2013697c9b54a21;ChdDSUhNMG9nS0VJQ0FnSUNfMkl2TndnRRAB
5;10 months ago;2025-06-23T09:31:08.724Z;Good electronics Shop service is all best;;https://www.google.com/maps/reviews/data=!4m8!14m7!1m6!2m5!1sCi9DQUlRQUNvZENodHljRjlvT21SR1VFWlRiSGs0WTFwMlF5MVBWVmMzUW5ndExYYxAB!2m1!1s0x0:0xe2013697c9b54a21!3m1!1s2@1:CAIQACodChtycF9oOmRGUEZTbHk4Y1p2Qy1PVVc3QngtLXc%7C%7C?hl=en;https://www.google.com/maps/place/S.+K.+Electronics/@26.5883622,85.4873171,17z/data=!4m8!3m7!1s0x39ecf12c7e6fa777:0xe2013697c9b54a21!8m2!3d26.5883574!4d85.489892!9m1!1b1!16s%2Fg%2F11wy5qq8fk?entry=ttu&g_ep=EgoyMDI2MDUxMy4wIKXMDSoASAFQAw%3D%3D;;Sonu Kumar;https://www.google.com/maps/contrib/111535314753933473947?hl=en;https://lh3.googleusercontent.com/a-/ALV-UjWax6asnCPBDVs8IxzgC3XPdkgggChErPqF98CEjdrw-vpRzn-d=s120-c-rp-mo-br100;;2;;;;;Google;0x39ecf12c7e6fa777:0xe2013697c9b54a21;Ci9DQUlRQUNvZENodHljRjlvT21SR1VFWlRiSGs0WTFwMlF5MVBWVmMzUW5ndExYYxAB
5;10 months ago;2025-07-15T06:39:13.458Z;Very impercive price Service is good;;https://www.google.com/maps/reviews/data=!4m8!14m7!1m6!2m5!1sCi9DQUlRQUNvZENodHljRjlvT2twMVpFdGtNSFp1Y1dONFlXTndURFJGU1hoc2RWRRAB!2m1!1s0x0:0xe2013697c9b54a21!3m1!1s2@1:CAIQACodChtycF9oOkp1ZEtkMHZucWN4YWNwTDRFSXhsdVE%7C%7C?hl=en;https://www.google.com/maps/place/S.+K.+Electronics/@26.5883622,85.4873171,17z/data=!4m8!3m7!1s0x39ecf12c7e6fa777:0xe2013697c9b54a21!8m2!3d26.5883574!4d85.489892!9m1!1b1!16s%2Fg%2F11wy5qq8fk?entry=ttu&g_ep=EgoyMDI2MDUxMy4wIKXMDSoASAFQAw%3D%3D;;aditya kumar;https://www.google.com/maps/contrib/104497241289949038300?hl=en;https://lh3.googleusercontent.com/a-/ALV-UjU2IZHWysyoZJ0ZQHz6enI3_I8HWm-Trssz50MGVyXwpd4viEQl=s120-c-rp-mo-br100;;2;;;;;Google;0x39ecf12c7e6fa777:0xe2013697c9b54a21;Ci9DQUlRQUNvZENodHljRjlvT2twMVpFdGtNSFp1Y1dONFlXTndURFJGU1hoc2RWRRAB
5;11 months ago;2025-06-13T06:51:12.454Z;Very Gud envoirment and best rate from other market;;https://www.google.com/maps/reviews/data=!4m8!14m7!1m6!2m5!1sChdDSUhNMG9nS0VQcTVsTTZBX3JPVHZRRRAB!2m1!1s0x0:0xe2013697c9b54a21!3m1!1s2@1:CIHM0ogKEPq5lM6A_rOTvQE%7C%7C?hl=en;https://www.google.com/maps/place/S.+K.+Electronics/@26.5883622,85.4873171,17z/data=!4m8!3m7!1s0x39ecf12c7e6fa777:0xe2013697c9b54a21!8m2!3d26.5883574!4d85.489892!9m1!1b1!16s%2Fg%2F11wy5qq8fk?entry=ttu&g_ep=EgoyMDI2MDUxMy4wIKXMDSoASAFQAw%3D%3D;;malay mayank;https://www.google.com/maps/contrib/107473047033697554237?hl=en;https://lh3.googleusercontent.com/a-/ALV-UjVPkxArZmIQ3juWs125qfIXUIDw19OlzRdLxre-LC7GRyvZ6Ko=s120-c-rp-mo-br100;;1;;;;;Google;0x39ecf12c7e6fa777:0xe2013697c9b54a21;ChdDSUhNMG9nS0VQcTVsTTZBX3JPVHZRRRAB
5;6 months ago;2025-10-31T06:18:25.459Z;Passionate products and genuine prices.;;https://www.google.com/maps/reviews/data=!4m8!14m7!1m6!2m5!1sCi9DQUlRQUNvZENodHljRjlvT2xKNGVubDRMV0ZNUjJKVFJqRllkR3BYTlVsVE4wRRAB!2m1!1s0x0:0xe2013697c9b54a21!3m1!1s2@1:CAIQACodChtycF9oOlJ4enl4LWFMR2JTRjFYdGpXNUlTN0E%7C%7C?hl=en;https://www.google.com/maps/place/S.+K.+Electronics/@26.5883622,85.4873171,17z/data=!4m8!3m7!1s0x39ecf12c7e6fa777:0xe2013697c9b54a21!8m2!3d26.5883574!4d85.489892!9m1!1b1!16s%2Fg%2F11wy5qq8fk?entry=ttu&g_ep=EgoyMDI2MDUxMy4wIKXMDSoASAFQAw%3D%3D;;Kishan Kumar;https://www.google.com/maps/contrib/101328232262223515091?hl=en;https://lh3.googleusercontent.com/a/ACg8ocJr64T2VoxnEYm8MP8TUldJ8zT-rGbtfFQCbayI8DW3qsFkAg=s120-c-rp-mo-br100;4;3;;;;;Google;0x39ecf12c7e6fa777:0xe2013697c9b54a21;Ci9DQUlRQUNvZENodHljRjlvT2xKNGVubDRMV0ZNUjJKVFJqRllkR3BYTlVsVE4wRRAB
5;a year ago;2025-01-12T13:02:39.280Z;Best distributorship all wireing devices and all bajaj home appliances available this site;;https://www.google.com/maps/reviews/data=!4m8!14m7!1m6!2m5!1sChZDSUhNMG9nS0VJQ0FnSUNfNlB1NFp3EAE!2m1!1s0x0:0xe2013697c9b54a21!3m1!1s2@1:CIHM0ogKEICAgIC_6Pu4Zw%7C%7C?hl=en;https://www.google.com/maps/place/S.+K.+Electronics/@26.5883622,85.4873171,17z/data=!4m8!3m7!1s0x39ecf12c7e6fa777:0xe2013697c9b54a21!8m2!3d26.5883574!4d85.489892!9m1!1b1!16s%2Fg%2F11wy5qq8fk?entry=ttu&g_ep=EgoyMDI2MDUxMy4wIKXMDSoASAFQAw%3D%3D;https://lh3.googleusercontent.com/geougc-cs/AMG9lETzvVS73-4MFG-Zq9LPIwV-UcOLaY3gw_EzaVEjEOrq0x_quHWOnOKewFhcDclAQ_z_6lF96i0DSN9COWW6S-pJN5fAjyh-SpqkPwKGY7IV6udODjzuSggUWQwGhLcEKQ, https://lh3.googleusercontent.com/geougc-cs/AMG9lESYWE-qXT-OlQu0wLHS3TRXTJvGiAPdAE4S3kzG_AOjFy4jK632rHoCQHxsxcoXJ7wI9tA1cwuyd0eXJMg-nOF1ZhCNvovgm-1h4uAhiLi4654YHN6pNdbB1nip8jRmKAom7Xk, https://lh3.googleusercontent.com/geougc-cs/AMG9lERGnti1pDQ25r11X0Ime98Q7IXmv8yD9_fV8ePpcWTOiZ9mL0riwNrG9rwrPPN63ybpx5hkRj4dZ7ERq5wOlWNINaSUQ0XUe6We58l-AgP83aXuHVW4zO2Z_1Re9LMlh_REMOm3NA;Indrajit Mandal;https://www.google.com/maps/contrib/108174487637627177163?hl=en;https://lh3.googleusercontent.com/a-/ALV-UjXeDvYxtsMcngu5pBc9uhro7li7GKgdrAYPcDUOCdNwHPe8m528=s120-c-rp-mo-br100;6;2;;;;;Google;0x39ecf12c7e6fa777:0xe2013697c9b54a21;ChZDSUhNMG9nS0VJQ0FnSUNfNlB1NFp3EAE
5;10 months ago;2025-07-07T12:03:52.693Z;One of the best delar in sitamarhi. Good behaviour.;;https://www.google.com/maps/reviews/data=!4m8!14m7!1m6!2m5!1sCi9DQUlRQUNvZENodHljRjlvT21keVN6ZEZSR2xsYVhnNGEwNHRWR052WkhSd2MzYxAB!2m1!1s0x0:0xe2013697c9b54a21!3m1!1s2@1:CAIQACodChtycF9oOmdySzdFRGllaXg4a04tVGNvZHRwc3c%7C%7C?hl=en;https://www.google.com/maps/place/S.+K.+Electronics/@26.5883622,85.4873171,17z/data=!4m8!3m7!1s0x39ecf12c7e6fa777:0xe2013697c9b54a21!8m2!3d26.5883574!4d85.489892!9m1!1b1!16s%2Fg%2F11wy5qq8fk?entry=ttu&g_ep=EgoyMDI2MDUxMy4wIKXMDSoASAFQAw%3D%3D;;rohit kumar;https://www.google.com/maps/contrib/106684238932086087417?hl=en;https://lh3.googleusercontent.com/a-/ALV-UjVDq1Rh61B15MFcFGb-p9Kfu1LOliafNuVVVIrW7SrvdCMdmYHd=s120-c-rp-mo-br100;5;3;;;;;Google;0x39ecf12c7e6fa777:0xe2013697c9b54a21;Ci9DQUlRQUNvZENodHljRjlvT21keVN6ZEZSR2xsYVhnNGEwNHRWR052WkhSd2MzYxAB
5;11 months ago;2025-06-13T08:35:54.747Z;Nice behavior in staff good service clean Invorment;;https://www.google.com/maps/reviews/data=!4m8!14m7!1m6!2m5!1sCi9DQUlRQUNvZENodHljRjlvT25kbVVIWnRMVGxxV1hKV1pIbGlZM1pHV1hkd05IYxAB!2m1!1s0x0:0xe2013697c9b54a21!3m1!1s2@1:CAIQACodChtycF9oOndmUHZtLTlqWXJWZHliY3ZGWXdwNHc%7C%7C?hl=en;https://www.google.com/maps/place/S.+K.+Electronics/@26.5883622,85.4873171,17z/data=!4m8!3m7!1s0x39ecf12c7e6fa777:0xe2013697c9b54a21!8m2!3d26.5883574!4d85.489892!9m1!1b1!16s%2Fg%2F11wy5qq8fk?entry=ttu&g_ep=EgoyMDI2MDUxMy4wIKXMDSoASAFQAw%3D%3D;;Arjun Kumar;https://www.google.com/maps/contrib/109758657216862614018?hl=en;https://lh3.googleusercontent.com/a/ACg8ocLh7nrlk83okRKrpnPUAce7e8zR2kDhhcUc57mLgiiFwfCRHg=s120-c-rp-mo-br100;;1;;;;;Google;0x39ecf12c7e6fa777:0xe2013697c9b54a21;Ci9DQUlRQUNvZENodHljRjlvT25kbVVIWnRMVGxxV1hKV1pIbGlZM1pHV1hkd05IYxAB
5;11 months ago;2025-06-15T07:00:40.066Z;this form is best for electrical items. nice service;;https://www.google.com/maps/reviews/data=!4m8!14m7!1m6!2m5!1sChZDSUhNMG9nS0VQbkFudENYcGJQQ0R3EAE!2m1!1s0x0:0xe2013697c9b54a21!3m1!1s2@1:CIHM0ogKEPnAntCXpbPCDw%7C%7C?hl=en;https://www.google.com/maps/place/S.+K.+Electronics/@26.5883622,85.4873171,17z/data=!4m8!3m7!1s0x39ecf12c7e6fa777:0xe2013697c9b54a21!8m2!3d26.5883574!4d85.489892!9m1!1b1!16s%2Fg%2F11wy5qq8fk?entry=ttu&g_ep=EgoyMDI2MDUxMy4wIKXMDSoASAFQAw%3D%3D;;Chandan Kumar;https://www.google.com/maps/contrib/108376581557903111873?hl=en;https://lh3.googleusercontent.com/a/ACg8ocKHvs4FYk7LxepAFjYdQjwDzxT0mLq4C4sk4IS7xF5yi6ugmQ=s120-c-rp-mo-br100;;2;;Thank you;11 months ago;2025-06-15T07:18:01.000Z;Google;0x39ecf12c7e6fa777:0xe2013697c9b54a21;ChZDSUhNMG9nS0VQbkFudENYcGJQQ0R3EAE
5;a year ago;2025-01-12T15:30:36.946Z;"Very Nice Shop with a wide range of Anchor and Bajaj products at very reasonable price.
Must Visit";;https://www.google.com/maps/reviews/data=!4m8!14m7!1m6!2m5!1sChdDSUhNMG9nS0VJQ0FnSUNfMko2NG9RRRAB!2m1!1s0x0:0xe2013697c9b54a21!3m1!1s2@1:CIHM0ogKEICAgIC_2J64oQE%7C%7C?hl=en;https://www.google.com/maps/place/S.+K.+Electronics/@26.5883622,85.4873171,17z/data=!4m8!3m7!1s0x39ecf12c7e6fa777:0xe2013697c9b54a21!8m2!3d26.5883574!4d85.489892!9m1!1b1!16s%2Fg%2F11wy5qq8fk?entry=ttu&g_ep=EgoyMDI2MDUxMy4wIKXMDSoASAFQAw%3D%3D;;Dhurv Kumar;https://www.google.com/maps/contrib/109051567669714639637?hl=en;https://lh3.googleusercontent.com/a/ACg8ocK6UAew5YOPzeIPgttb0Haqmf1CjNZAKY7sDK6M1XalCgwCiw=s120-c-rp-mo-br100;;1;;;;;Google;0x39ecf12c7e6fa777:0xe2013697c9b54a21;ChdDSUhNMG9nS0VJQ0FnSUNfMko2NG9RRRAB
5;11 months ago;2025-06-16T05:33:44.523Z;Good all range available on electricity and home appliances.;;https://www.google.com/maps/reviews/data=!4m8!14m7!1m6!2m5!1sChdDSUhNMG9nS0VJUEQtT1MwX3VEMm5BRRAB!2m1!1s0x0:0xe2013697c9b54a21!3m1!1s2@1:CIHM0ogKEIPD-OS0_uD2nAE%7C%7C?hl=en;https://www.google.com/maps/place/S.+K.+Electronics/@26.5883622,85.4873171,17z/data=!4m8!3m7!1s0x39ecf12c7e6fa777:0xe2013697c9b54a21!8m2!3d26.5883574!4d85.489892!9m1!1b1!16s%2Fg%2F11wy5qq8fk?entry=ttu&g_ep=EgoyMDI2MDUxMy4wIKXMDSoASAFQAw%3D%3D;;Ranjay Kumar;https://www.google.com/maps/contrib/105026834987364297097?hl=en;https://lh3.googleusercontent.com/a/ACg8ocItY3g1Uur_oGA8Q4W9cdxvSJ6D9U0JcFSmlkWx9SzMMxKQQA=s120-c-rp-mo-br100;;1;;;;;Google;0x39ecf12c7e6fa777:0xe2013697c9b54a21;ChdDSUhNMG9nS0VJUEQtT1MwX3VEMm5BRRAB
5;8 months ago;2025-09-02T16:38:59.565Z;Good product in so nice;;https://www.google.com/maps/reviews/data=!4m8!14m7!1m6!2m5!1sCi9DQUlRQUNvZENodHljRjlvT2tOVldXOUhaVWxEVERRM1lqWktURzlTT1RoRFRYYxAB!2m1!1s0x0:0xe2013697c9b54a21!3m1!1s2@1:CAIQACodChtycF9oOkNVWW9HZUlDTDQ3YjZKTG9SOThDTXc%7C%7C?hl=en;https://www.google.com/maps/place/S.+K.+Electronics/@26.5883622,85.4873171,17z/data=!4m8!3m7!1s0x39ecf12c7e6fa777:0xe2013697c9b54a21!8m2!3d26.5883574!4d85.489892!9m1!1b1!16s%2Fg%2F11wy5qq8fk?entry=ttu&g_ep=EgoyMDI2MDUxMy4wIKXMDSoASAFQAw%3D%3D;;Suraj Kumar;https://www.google.com/maps/contrib/110776254038794578876?hl=en;https://lh3.googleusercontent.com/a-/ALV-UjW1YmBZwMF2QpIV4p9_q0WqbsayrgSZnuxgqFxuEoC-bGTVcgT5=s120-c-rp-mo-br100;;1;;;;;Google;0x39ecf12c7e6fa777:0xe2013697c9b54a21;Ci9DQUlRQUNvZENodHljRjlvT2tOVldXOUhaVWxEVERRM1lqWktURzlTT1RoRFRYYxAB
5;9 months ago;2025-08-13T13:10:19.152Z;"Good product
Perfect price";;https://www.google.com/maps/reviews/data=!4m8!14m7!1m6!2m5!1sCi9DQUlRQUNvZENodHljRjlvT25wdVpDMXNMVWh4VldwWVVtaFdVV04wYUV4TlZuYxAB!2m1!1s0x0:0xe2013697c9b54a21!3m1!1s2@1:CAIQACodChtycF9oOnpuZC1sLUhxVWpYUmhWUWN0aExNVnc%7C%7C?hl=en;https://www.google.com/maps/place/S.+K.+Electronics/@26.5883622,85.4873171,17z/data=!4m8!3m7!1s0x39ecf12c7e6fa777:0xe2013697c9b54a21!8m2!3d26.5883574!4d85.489892!9m1!1b1!16s%2Fg%2F11wy5qq8fk?entry=ttu&g_ep=EgoyMDI2MDUxMy4wIKXMDSoASAFQAw%3D%3D;;Satyam Kumar;https://www.google.com/maps/contrib/112039395220231686307?hl=en;https://lh3.googleusercontent.com/a/ACg8ocKmt1yh4AVG1Ff5-3oK4juFpGJyMO6uKF1u4H9Xpw6SZNelQA=s120-c-rp-mo-br100;;1;;;;;Google;0x39ecf12c7e6fa777:0xe2013697c9b54a21;Ci9DQUlRQUNvZENodHljRjlvT25wdVpDMXNMVWh4VldwWVVtaFdVV04wYUV4TlZuYxAB
5;9 months ago;2025-08-06T10:31:45.208Z;good sarwis sk electronic iLike it;;https://www.google.com/maps/reviews/data=!4m8!14m7!1m6!2m5!1sCi9DQUlRQUNvZENodHljRjlvT25kNlVVZFBjSE41TnpsMVgxcFNUMmgwUkd4Mk4wRRAB!2m1!1s0x0:0xe2013697c9b54a21!3m1!1s2@1:CAIQACodChtycF9oOnd6UUdPcHN5Nzl1X1pST2h0RGx2N0E%7C%7C?hl=en;https://www.google.com/maps/place/S.+K.+Electronics/@26.5883622,85.4873171,17z/data=!4m8!3m7!1s0x39ecf12c7e6fa777:0xe2013697c9b54a21!8m2!3d26.5883574!4d85.489892!9m1!1b1!16s%2Fg%2F11wy5qq8fk?entry=ttu&g_ep=EgoyMDI2MDUxMy4wIKXMDSoASAFQAw%3D%3D;;Rajeev Ranjan;https://www.google.com/maps/contrib/103455390007537859548?hl=en;https://lh3.googleusercontent.com/a-/ALV-UjWl4VFTXq5x5pFUCdoGNQOJxwJebzJXdJ7vNt7xJaEWJ2VVt2ct=s120-c-rp-mo-br100;;2;;;;;Google;0x39ecf12c7e6fa777:0xe2013697c9b54a21;Ci9DQUlRQUNvZENodHljRjlvT25kNlVVZFBjSE41TnpsMVgxcFNUMmgwUkd4Mk4wRRAB
5;10 months ago;2025-06-25T14:48:38.779Z;Best experience good shop for electrical wiring 🥰🥰;;https://www.google.com/maps/reviews/data=!4m8!14m7!1m6!2m5!1sCi9DQUlRQUNvZENodHljRjlvT2w5b1JXdGtjRTlXV0UxcFMyd3ROVm95ZWtoTGJIYxAB!2m1!1s0x0:0xe2013697c9b54a21!3m1!1s2@1:CAIQACodChtycF9oOl9oRWtkcE9WWE1pS2wtNVoyekhLbHc%7C%7C?hl=en;https://www.google.com/maps/place/S.+K.+Electronics/@26.5883622,85.4873171,17z/data=!4m8!3m7!1s0x39ecf12c7e6fa777:0xe2013697c9b54a21!8m2!3d26.5883574!4d85.489892!9m1!1b1!16s%2Fg%2F11wy5qq8fk?entry=ttu&g_ep=EgoyMDI2MDUxMy4wIKXMDSoASAFQAw%3D%3D;;Aman Samrat;https://www.google.com/maps/contrib/100212726748052248528?hl=en;https://lh3.googleusercontent.com/a-/ALV-UjXks_Eo152JcWkGJAQScY16j9erULeERg4RIau3AgWd-YmbkqlN=s120-c-rp-mo-br100;19;1;;Thank you.;10 months ago;2025-06-25T15:27:37.000Z;Google;0x39ecf12c7e6fa777:0xe2013697c9b54a21;Ci9DQUlRQUNvZENodHljRjlvT2w5b1JXdGtjRTlXV0UxcFMyd3ROVm95ZWtoTGJIYxAB
5;9 months ago;2025-07-20T07:34:44.251Z;Good range available @ standerd rate;;https://www.google.com/maps/reviews/data=!4m8!14m7!1m6!2m5!1sCi9DQUlRQUNvZENodHljRjlvT21sVk1FSnVjbWRZT1hGVFYwaENhMmhUVG5sSU5sRRAB!2m1!1s0x0:0xe2013697c9b54a21!3m1!1s2@1:CAIQACodChtycF9oOmlVMEJucmdYOXFTV0hCa2hTTnlINlE%7C%7C?hl=en;https://www.google.com/maps/place/S.+K.+Electronics/@26.5883622,85.4873171,17z/data=!4m8!3m7!1s0x39ecf12c7e6fa777:0xe2013697c9b54a21!8m2!3d26.5883574!4d85.489892!9m1!1b1!16s%2Fg%2F11wy5qq8fk?entry=ttu&g_ep=EgoyMDI2MDUxMy4wIKXMDSoASAFQAw%3D%3D;;Vijay Kumar;https://www.google.com/maps/contrib/104534459676919178230?hl=en;https://lh3.googleusercontent.com/a-/ALV-UjUtatb5uLAsdT7SbgZDUlD5KinADeQqxQ0R4zdBsp_AElCnNYkApw=s120-c-rp-mo-br100;4;1;;;;;Google;0x39ecf12c7e6fa777:0xe2013697c9b54a21;Ci9DQUlRQUNvZENodHljRjlvT21sVk1FSnVjbWRZT1hGVFYwaENhMmhUVG5sSU5sRRAB
5;7 months ago;2025-09-16T08:24:15.063Z;Arjun is the best staf;;https://www.google.com/maps/reviews/data=!4m8!14m7!1m6!2m5!1sCi9DQUlRQUNvZENodHljRjlvT25sYWFHTmhTbWhzVlRSMFkyOUVZbmhWTW01cFMyYxAB!2m1!1s0x0:0xe2013697c9b54a21!3m1!1s2@1:CAIQACodChtycF9oOnlaaGNhSmhsVTR0Y29EYnhVMm5pS2c%7C%7C?hl=en;https://www.google.com/maps/place/S.+K.+Electronics/@26.5883622,85.4873171,17z/data=!4m8!3m7!1s0x39ecf12c7e6fa777:0xe2013697c9b54a21!8m2!3d26.5883574!4d85.489892!9m1!1b1!16s%2Fg%2F11wy5qq8fk?entry=ttu&g_ep=EgoyMDI2MDUxMy4wIKXMDSoASAFQAw%3D%3D;;Prem Prakash;https://www.google.com/maps/contrib/108157002445494236691?hl=en;https://lh3.googleusercontent.com/a/ACg8ocKlwNtj8ZELuyfvm0JYUBjuUu1-jNj5zpVoBlpbAORYTQVvHQ=s120-c-rp-mo-br100;;2;;;;;Google;0x39ecf12c7e6fa777:0xe2013697c9b54a21;Ci9DQUlRQUNvZENodHljRjlvT25sYWFHTmhTbWhzVlRSMFkyOUVZbmhWTW01cFMyYxAB
5;7 months ago;2025-10-05T11:28:22.918Z;Goods range ofwiring device;;https://www.google.com/maps/reviews/data=!4m8!14m7!1m6!2m5!1sCi9DQUlRQUNvZENodHljRjlvT2w5cExVVjZhM1pKYjJSQmQydHpVMDFvVDFGZmVFRRAB!2m1!1s0x0:0xe2013697c9b54a21!3m1!1s2@1:CAIQACodChtycF9oOl9pLUV6a3ZJb2RBd2tzU01oT1FfeEE%7C%7C?hl=en;https://www.google.com/maps/place/S.+K.+Electronics/@26.5883622,85.4873171,17z/data=!4m8!3m7!1s0x39ecf12c7e6fa777:0xe2013697c9b54a21!8m2!3d26.5883574!4d85.489892!9m1!1b1!16s%2Fg%2F11wy5qq8fk?entry=ttu&g_ep=EgoyMDI2MDUxMy4wIKXMDSoASAFQAw%3D%3D;;Raja Kumar;https://www.google.com/maps/contrib/118334074498045014841?hl=en;https://lh3.googleusercontent.com/a/ACg8ocLtq7HeHnZpyGa4XOHyBFa0yIFKOG9v7o8_u4YfOXaLobwnZA=s120-c-rp-mo-br100;;1;;;;;Google;0x39ecf12c7e6fa777:0xe2013697c9b54a21;Ci9DQUlRQUNvZENodHljRjlvT2w5cExVVjZhM1pKYjJSQmQydHpVMDFvVDFGZmVFRRAB
5;11 months ago;2025-06-15T07:30:40.389Z;Wide range of products at good price;;https://www.google.com/maps/reviews/data=!4m8!14m7!1m6!2m5!1sChZDSUhNMG9nS0VNaXpvZTZxLUpTRFBBEAE!2m1!1s0x0:0xe2013697c9b54a21!3m1!1s2@1:CIHM0ogKEMizoe6q-JSDPA%7C%7C?hl=en;https://www.google.com/maps/place/S.+K.+Electronics/@26.5883622,85.4873171,17z/data=!4m8!3m7!1s0x39ecf12c7e6fa777:0xe2013697c9b54a21!8m2!3d26.5883574!4d85.489892!9m1!1b1!16s%2Fg%2F11wy5qq8fk?entry=ttu&g_ep=EgoyMDI2MDUxMy4wIKXMDSoASAFQAw%3D%3D;;Nilesh Kumar;https://www.google.com/maps/contrib/112118391147221920801?hl=en;https://lh3.googleusercontent.com/a/ACg8ocKn_LbGYaTSRvsrksszL_Ig4QR17Kfq1nGwXIwSwVMsVYSKEw=s120-c-rp-mo-br100;1;6;;;;;Google;0x39ecf12c7e6fa777:0xe2013697c9b54a21;ChZDSUhNMG9nS0VNaXpvZTZxLUpTRFBBEAE
4;10 months ago;2025-06-18T05:54:03.479Z;Nice place to buy any electic items.;;https://www.google.com/maps/reviews/data=!4m8!14m7!1m6!2m5!1sCi9DQUlRQUNvZENodHljRjlvT21WTWJXSXlVM1JZTFd0d2NHcGtTbUZPUWxwcGIzYxAB!2m1!1s0x0:0xe2013697c9b54a21!3m1!1s2@1:CAIQACodChtycF9oOmVMbWIyU3RYLWtwcGpkSmFOQlppb3c%7C%7C?hl=en;https://www.google.com/maps/place/S.+K.+Electronics/@26.5883622,85.4873171,17z/data=!4m8!3m7!1s0x39ecf12c7e6fa777:0xe2013697c9b54a21!8m2!3d26.5883574!4d85.489892!9m1!1b1!16s%2Fg%2F11wy5qq8fk?entry=ttu&g_ep=EgoyMDI2MDUxMy4wIKXMDSoASAFQAw%3D%3D;;sonu Yadav;https://www.google.com/maps/contrib/112690122929815692058?hl=en;https://lh3.googleusercontent.com/a-/ALV-UjUSPDRz9zXOpWmcfMLB4-NUiaR4sdkZj7I_4k5M4G4jQo6uMaJD=s120-c-rp-mo-br100;;2;;;;;Google;0x39ecf12c7e6fa777:0xe2013697c9b54a21;Ci9DQUlRQUNvZENodHljRjlvT21WTWJXSXlVM1JZTFd0d2NHcGtTbUZPUWxwcGIzYxAB
5;a year ago;2025-01-12T15:30:35.719Z;Got all wiring products at best price in sitamadhi;;https://www.google.com/maps/reviews/data=!4m8!14m7!1m6!2m5!1sChZDSUhNMG9nS0VJQ0FnSUNfMko3SWZ3EAE!2m1!1s0x0:0xe2013697c9b54a21!3m1!1s2@1:CIHM0ogKEICAgIC_2J7Ifw%7C%7C?hl=en;https://www.google.com/maps/place/S.+K.+Electronics/@26.5883622,85.4873171,17z/data=!4m8!3m7!1s0x39ecf12c7e6fa777:0xe2013697c9b54a21!8m2!3d26.5883574!4d85.489892!9m1!1b1!16s%2Fg%2F11wy5qq8fk?entry=ttu&g_ep=EgoyMDI2MDUxMy4wIKXMDSoASAFQAw%3D%3D;;manorma devi;https://www.google.com/maps/contrib/110776582030434761496?hl=en;https://lh3.googleusercontent.com/a/ACg8ocJBPiQvXWFtnjis1zu-idvwYp9MH2qhyNfR5Ii8fycPp3G3VQ=s120-c-rp-mo-br100;;2;;;;;Google;0x39ecf12c7e6fa777:0xe2013697c9b54a21;ChZDSUhNMG9nS0VJQ0FnSUNfMko3SWZ3EAE
5;a year ago;2025-02-06T13:46:34.548Z;All rang available Bajaj anchor havells;;https://www.google.com/maps/reviews/data=!4m8!14m7!1m6!2m5!1sChZDSUhNMG9nS0VJQ0FnTURBaVAyQkZREAE!2m1!1s0x0:0xe2013697c9b54a21!3m1!1s2@1:CIHM0ogKEICAgMDAiP2BFQ%7C%7C?hl=en;https://www.google.com/maps/place/S.+K.+Electronics/@26.5883622,85.4873171,17z/data=!4m8!3m7!1s0x39ecf12c7e6fa777:0xe2013697c9b54a21!8m2!3d26.5883574!4d85.489892!9m1!1b1!16s%2Fg%2F11wy5qq8fk?entry=ttu&g_ep=EgoyMDI2MDUxMy4wIKXMDSoASAFQAw%3D%3D;;Anjana Kumari;https://www.google.com/maps/contrib/116502652621655468114?hl=en;https://lh3.googleusercontent.com/a/ACg8ocJoaoXtriHiyilTPBdIj2Fgx_z803_1qj4ZAEW9l8RNYZ08AA=s120-c-rp-mo-br100;;1;;Thank you;a year ago;2025-02-06T14:03:01.000Z;Google;0x39ecf12c7e6fa777:0xe2013697c9b54a21;ChZDSUhNMG9nS0VJQ0FnTURBaVAyQkZREAE
5;9 months ago;2025-08-06T13:27:42.686Z;Best seller or coperative person;;https://www.google.com/maps/reviews/data=!4m8!14m7!1m6!2m5!1sCi9DQUlRQUNvZENodHljRjlvT2psS1pUWmFhM0pVTlc4MmNXaGhUbGxzVmt0WVNWRRAB!2m1!1s0x0:0xe2013697c9b54a21!3m1!1s2@1:CAIQACodChtycF9oOjlKZTZaa3JUNW82cWhhTllsVktYSVE%7C%7C?hl=en;https://www.google.com/maps/place/S.+K.+Electronics/@26.5883622,85.4873171,17z/data=!4m8!3m7!1s0x39ecf12c7e6fa777:0xe2013697c9b54a21!8m2!3d26.5883574!4d85.489892!9m1!1b1!16s%2Fg%2F11wy5qq8fk?entry=ttu&g_ep=EgoyMDI2MDUxMy4wIKXMDSoASAFQAw%3D%3D;;ADITYA RAJ;https://www.google.com/maps/contrib/104787906084104252730?hl=en;https://lh3.googleusercontent.com/a/ACg8ocKpAWFVwVi4ZeeDSYwdAJiN4O2e4qbRWd8QVJb_np_mNfaC=s120-c-rp-mo-br100;;2;;;;;Google;0x39ecf12c7e6fa777:0xe2013697c9b54a21;Ci9DQUlRQUNvZENodHljRjlvT2psS1pUWmFhM0pVTlc4MmNXaGhUbGxzVmt0WVNWRRAB
5;11 months ago;2025-06-13T13:17:54.606Z;Very good service and clean atmosphere;;https://www.google.com/maps/reviews/data=!4m8!14m7!1m6!2m5!1sChdDSUhNMG9nS0VPTEFfYV96Mkx1UG53RRAB!2m1!1s0x0:0xe2013697c9b54a21!3m1!1s2@1:CIHM0ogKEOLA_a_z2LuPnwE%7C%7C?hl=en;https://www.google.com/maps/place/S.+K.+Electronics/@26.5883622,85.4873171,17z/data=!4m8!3m7!1s0x39ecf12c7e6fa777:0xe2013697c9b54a21!8m2!3d26.5883574!4d85.489892!9m1!1b1!16s%2Fg%2F11wy5qq8fk?entry=ttu&g_ep=EgoyMDI2MDUxMy4wIKXMDSoASAFQAw%3D%3D;;Ashok kumar Rawat;https://www.google.com/maps/contrib/107052506872110008446?hl=en;https://lh3.googleusercontent.com/a/ACg8ocKzggoDbRZCMdgbYYRj2arEuE5SlmFh86ffCfX79HK6muCy0w=s120-c-rp-mo-br100;;1;;;;;Google;0x39ecf12c7e6fa777:0xe2013697c9b54a21;ChdDSUhNMG9nS0VPTEFfYV96Mkx1UG53RRAB
5;10 months ago;2025-07-13T06:52:07.535Z;Best service and good behaviour;;https://www.google.com/maps/reviews/data=!4m8!14m7!1m6!2m5!1sCi9DQUlRQUNvZENodHljRjlvT25Wd2VuWXlTMmd3VVVaM05EQmpRVW94UmpkalVuYxAB!2m1!1s0x0:0xe2013697c9b54a21!3m1!1s2@1:CAIQACodChtycF9oOnVwenYyS2gwUUZ3NDBjQUoxRjdjUnc%7C%7C?hl=en;https://www.google.com/maps/place/S.+K.+Electronics/@26.5883622,85.4873171,17z/data=!4m8!3m7!1s0x39ecf12c7e6fa777:0xe2013697c9b54a21!8m2!3d26.5883574!4d85.489892!9m1!1b1!16s%2Fg%2F11wy5qq8fk?entry=ttu&g_ep=EgoyMDI2MDUxMy4wIKXMDSoASAFQAw%3D%3D;;Ranjesh Kumar;https://www.google.com/maps/contrib/117252407709645236687?hl=en;https://lh3.googleusercontent.com/a-/ALV-UjWL9zcoivLZBIh8ZtsLEk8SIMY5mHc_yRN3I-NrZLhiAZhdxl8=s120-c-rp-mo-br100;;1;;;;;Google;0x39ecf12c7e6fa777:0xe2013697c9b54a21;Ci9DQUlRQUNvZENodHljRjlvT25Wd2VuWXlTMmd3VVVaM05EQmpRVW94UmpkalVuYxAB
5;10 months ago;2025-06-17T12:41:49.998Z;Quick service rate is best;;https://www.google.com/maps/reviews/data=!4m8!14m7!1m6!2m5!1sCi9DQUlRQUNvZENodHljRjlvT2tGV1JIRXpNbWRXYVhkbFNYSmFkR1psYkdGV0xVRRAB!2m1!1s0x0:0xe2013697c9b54a21!3m1!1s2@1:CAIQACodChtycF9oOkFWRHEzMmdWaXdlSXJadGZlbGFWLUE%7C%7C?hl=en;https://www.google.com/maps/place/S.+K.+Electronics/@26.5883622,85.4873171,17z/data=!4m8!3m7!1s0x39ecf12c7e6fa777:0xe2013697c9b54a21!8m2!3d26.5883574!4d85.489892!9m1!1b1!16s%2Fg%2F11wy5qq8fk?entry=ttu&g_ep=EgoyMDI2MDUxMy4wIKXMDSoASAFQAw%3D%3D;;Vikash Surya;https://www.google.com/maps/contrib/108529689869440529824?hl=en;https://lh3.googleusercontent.com/a/ACg8ocKVAZ-4h3aiNh_RtxAVhoEOMIxwbAUEMYKG8AzEuPd7f2nHUA=s120-c-rp-mo-br100;;1;;;;;Google;0x39ecf12c7e6fa777:0xe2013697c9b54a21;Ci9DQUlRQUNvZENodHljRjlvT2tGV1JIRXpNbWRXYVhkbFNYSmFkR1psYkdGV0xVRRAB
5;10 months ago;2025-06-17T12:44:28.601Z;Quick Service And Rate is Impressive 💓💓💓💓;;https://www.google.com/maps/reviews/data=!4m8!14m7!1m6!2m5!1sCi9DQUlRQUNvZENodHljRjlvT2xNMlRFaHVUVXhZVldOWlRXaFFVV3BZWlVoMUxXYxAB!2m1!1s0x0:0xe2013697c9b54a21!3m1!1s2@1:CAIQACodChtycF9oOlM2TEhuTUxYVWNZTWhQUWpYZUh1LWc%7C%7C?hl=en;https://www.google.com/maps/place/S.+K.+Electronics/@26.5883622,85.4873171,17z/data=!4m8!3m7!1s0x39ecf12c7e6fa777:0xe2013697c9b54a21!8m2!3d26.5883574!4d85.489892!9m1!1b1!16s%2Fg%2F11wy5qq8fk?entry=ttu&g_ep=EgoyMDI2MDUxMy4wIKXMDSoASAFQAw%3D%3D;;Dipendra Samrat;https://www.google.com/maps/contrib/111642234487327352294?hl=en;https://lh3.googleusercontent.com/a-/ALV-UjXkT1CaFPOzvFbi4FPWri2qIr4IaCaIqsvzhSqTII21PbWTGu1mkg=s120-c-rp-mo-br100;7;2;;;;;Google;0x39ecf12c7e6fa777:0xe2013697c9b54a21;Ci9DQUlRQUNvZENodHljRjlvT2xNMlRFaHVUVXhZVldOWlRXaFFVV3BZWlVoMUxXYxAB
5;a year ago;2025-01-16T09:38:37.157Z;Very good;;https://www.google.com/maps/reviews/data=!4m8!14m7!1m6!2m5!1sChdDSUhNMG9nS0VJQ0FnSUNfcnJ2QmtBRRAB!2m1!1s0x0:0xe2013697c9b54a21!3m1!1s2@1:CIHM0ogKEICAgIC_rrvBkAE%7C%7C?hl=en;https://www.google.com/maps/place/S.+K.+Electronics/@26.5883622,85.4873171,17z/data=!4m8!3m7!1s0x39ecf12c7e6fa777:0xe2013697c9b54a21!8m2!3d26.5883574!4d85.489892!9m1!1b1!16s%2Fg%2F11wy5qq8fk?entry=ttu&g_ep=EgoyMDI2MDUxMy4wIKXMDSoASAFQAw%3D%3D;https://lh3.googleusercontent.com/geougc-cs/AMG9lERiCNu7OOBoMBH5x-XCSD9c2-T6ftvvlwk5hbVAGsuvBuZaKBu4Pviffd-dzJ5bjtCsimCzKci8D8qS1Zm_IEXk4wH5iv2m0DrI_MYys6BB1z1tz_62-r1x_ZP3uotGEqQOCCUv;Vivek Ratnani;https://www.google.com/maps/contrib/114978191872632629359?hl=en;https://lh3.googleusercontent.com/a-/ALV-UjVMxgDSL6vZo5Uh1EWQRk8-V53yYrzqNVBJa6C4C3vmWc-j1gFZ=s120-c-rp-mo-br100;5;1;;;;;Google;0x39ecf12c7e6fa777:0xe2013697c9b54a21;ChdDSUhNMG9nS0VJQ0FnSUNfcnJ2QmtBRRAB
5;a year ago;2025-01-15T08:34:32.030Z;Best place of wiring device and home appliances;;https://www.google.com/maps/reviews/data=!4m8!14m7!1m6!2m5!1sChZDSUhNMG9nS0VJQ0FnSUNfMnNiZEt3EAE!2m1!1s0x0:0xe2013697c9b54a21!3m1!1s2@1:CIHM0ogKEICAgIC_2sbdKw%7C%7C?hl=en;https://www.google.com/maps/place/S.+K.+Electronics/@26.5883622,85.4873171,17z/data=!4m8!3m7!1s0x39ecf12c7e6fa777:0xe2013697c9b54a21!8m2!3d26.5883574!4d85.489892!9m1!1b1!16s%2Fg%2F11wy5qq8fk?entry=ttu&g_ep=EgoyMDI2MDUxMy4wIKXMDSoASAFQAw%3D%3D;;Suraj Kumar;https://www.google.com/maps/contrib/104715362899547520190?hl=en;https://lh3.googleusercontent.com/a-/ALV-UjVjMj51gZBEsS0ER_vYGP6RBxBUAXVG1Hxgk6SvInWig9z_Z2r-=s120-c-rp-mo-br100;1;1;;;;;Google;0x39ecf12c7e6fa777:0xe2013697c9b54a21;ChZDSUhNMG9nS0VJQ0FnSUNfMnNiZEt3EAE
5;9 months ago;2025-07-20T12:56:03.288Z;Best experience with sk electronics;;https://www.google.com/maps/reviews/data=!4m8!14m7!1m6!2m5!1sCi9DQUlRQUNvZENodHljRjlvT21WUlpFTlZWbGxNVlRnNWVUUnZabHBYYjAxeUxVRRAB!2m1!1s0x0:0xe2013697c9b54a21!3m1!1s2@1:CAIQACodChtycF9oOmVRZENVVllMVTg5eTRvZlpXb01yLUE%7C%7C?hl=en;https://www.google.com/maps/place/S.+K.+Electronics/@26.5883622,85.4873171,17z/data=!4m8!3m7!1s0x39ecf12c7e6fa777:0xe2013697c9b54a21!8m2!3d26.5883574!4d85.489892!9m1!1b1!16s%2Fg%2F11wy5qq8fk?entry=ttu&g_ep=EgoyMDI2MDUxMy4wIKXMDSoASAFQAw%3D%3D;;s.s kumar;https://www.google.com/maps/contrib/106417694964900658930?hl=en;https://lh3.googleusercontent.com/a-/ALV-UjV7lD8oLtrfKvxUNPX4TWlOhGgndgNak7MsZoEoJTzwHdn3qzoD=s120-c-rp-mo-br100;;1;;;;;Google;0x39ecf12c7e6fa777:0xe2013697c9b54a21;Ci9DQUlRQUNvZENodHljRjlvT21WUlpFTlZWbGxNVlRnNWVUUnZabHBYYjAxeUxVRRAB
5;9 months ago;2025-08-06T13:28:32.421Z;Best seller of sitamarhi;;https://www.google.com/maps/reviews/data=!4m8!14m7!1m6!2m5!1sCi9DQUlRQUNvZENodHljRjlvT2xGNGJ6TlphVEJ3UjJkbVRscERkakpWTVZRemRHYxAB!2m1!1s0x0:0xe2013697c9b54a21!3m1!1s2@1:CAIQACodChtycF9oOlF4bzNZaTBwR2dmTlpDdjJVMVQzdGc%7C%7C?hl=en;https://www.google.com/maps/place/S.+K.+Electronics/@26.5883622,85.4873171,17z/data=!4m8!3m7!1s0x39ecf12c7e6fa777:0xe2013697c9b54a21!8m2!3d26.5883574!4d85.489892!9m1!1b1!16s%2Fg%2F11wy5qq8fk?entry=ttu&g_ep=EgoyMDI2MDUxMy4wIKXMDSoASAFQAw%3D%3D;;Aditya Raj;https://www.google.com/maps/contrib/104658651748728082853?hl=en;https://lh3.googleusercontent.com/a/ACg8ocL3IhmMiE5YStJfb5qby5FuH-rpSeLVqRSEJ7_BdhnoycCeEg=s120-c-rp-mo-br100;;1;;;;;Google;0x39ecf12c7e6fa777:0xe2013697c9b54a21;Ci9DQUlRQUNvZENodHljRjlvT2xGNGJ6TlphVEJ3UjJkbVRscERkakpWTVZRemRHYxAB
5;7 months ago;2025-09-16T08:23:58.083Z;Best people and best service;;https://www.google.com/maps/reviews/data=!4m8!14m7!1m6!2m5!1sCi9DQUlRQUNvZENodHljRjlvT21GdWRFcHFjM0pCVXpaa1ptdzBVakI1TmpKVVNrRRAB!2m1!1s0x0:0xe2013697c9b54a21!3m1!1s2@1:CAIQACodChtycF9oOmFudEpqc3JBUzZkZmw0UjB5NjJUSkE%7C%7C?hl=en;https://www.google.com/maps/place/S.+K.+Electronics/@26.5883622,85.4873171,17z/data=!4m8!3m7!1s0x39ecf12c7e6fa777:0xe2013697c9b54a21!8m2!3d26.5883574!4d85.489892!9m1!1b1!16s%2Fg%2F11wy5qq8fk?entry=ttu&g_ep=EgoyMDI2MDUxMy4wIKXMDSoASAFQAw%3D%3D;;Shivam Kumar;https://www.google.com/maps/contrib/113566647904189718454?hl=en;https://lh3.googleusercontent.com/a/ACg8ocIk_xUZnft8SvXvoK4BpWKq0qKiMgoacwTmotzIdlTOpbQxBw=s120-c-rp-mo-br100;;3;;;;;Google;0x39ecf12c7e6fa777:0xe2013697c9b54a21;Ci9DQUlRQUNvZENodHljRjlvT21GdWRFcHFjM0pCVXpaa1ptdzBVakI1TmpKVVNrRRAB
5;10 months ago;2025-06-29T13:15:24.340Z;Good service best distributor in Sitamarhi.;;https://www.google.com/maps/reviews/data=!4m8!14m7!1m6!2m5!1sCi9DQUlRQUNvZENodHljRjlvT2xOSU4yOXpWa2szVTI1RVR6ZDBRbGxVVlhRM2VGRRAB!2m1!1s0x0:0xe2013697c9b54a21!3m1!1s2@1:CAIQACodChtycF9oOlNIN29zVkk3U25ETzd0QllUVXQ3eFE%7C%7C?hl=en;https://www.google.com/maps/place/S.+K.+Electronics/@26.5883622,85.4873171,17z/data=!4m8!3m7!1s0x39ecf12c7e6fa777:0xe2013697c9b54a21!8m2!3d26.5883574!4d85.489892!9m1!1b1!16s%2Fg%2F11wy5qq8fk?entry=ttu&g_ep=EgoyMDI2MDUxMy4wIKXMDSoASAFQAw%3D%3D;;Krishna Karn;https://www.google.com/maps/contrib/106331990630566437947?hl=en;https://lh3.googleusercontent.com/a-/ALV-UjWspA9VMne2P4K2I-fVUnIshqlP7MNGSqmgajyuW5dJcbEIhKYE3w=s120-c-rp-mo-br100;;3;;;;;Google;0x39ecf12c7e6fa777:0xe2013697c9b54a21;Ci9DQUlRQUNvZENodHljRjlvT2xOSU4yOXpWa2szVTI1RVR6ZDBRbGxVVlhRM2VGRRAB
5;9 months ago;2025-07-21T09:18:30.019Z;Very good product 👍;;https://www.google.com/maps/reviews/data=!4m8!14m7!1m6!2m5!1sCi9DQUlRQUNvZENodHljRjlvT21KTmExbDRZbXQ1V2pWQ2VWRkNWWHAzT1RCbFkxRRAB!2m1!1s0x0:0xe2013697c9b54a21!3m1!1s2@1:CAIQACodChtycF9oOmJNa1l4Ymt5WjVCeVFCVXp3OTBlY1E%7C%7C?hl=en;https://www.google.com/maps/place/S.+K.+Electronics/@26.5883622,85.4873171,17z/data=!4m8!3m7!1s0x39ecf12c7e6fa777:0xe2013697c9b54a21!8m2!3d26.5883574!4d85.489892!9m1!1b1!16s%2Fg%2F11wy5qq8fk?entry=ttu&g_ep=EgoyMDI2MDUxMy4wIKXMDSoASAFQAw%3D%3D;;Ahiraj manas Mahi;https://www.google.com/maps/contrib/114543873351953840638?hl=en;https://lh3.googleusercontent.com/a/ACg8ocIpePIv9jaHiTmw1iwYzgBjDbn3Acp01PSXVTSyYdr69AhOqA=s120-c-rp-mo-br100;;2;;;;;Google;0x39ecf12c7e6fa777:0xe2013697c9b54a21;Ci9DQUlRQUNvZENodHljRjlvT21KTmExbDRZbXQ1V2pWQ2VWRkNWWHAzT1RCbFkxRRAB
5;10 months ago;2025-06-30T11:13:44.803Z;Best places of electronics items;;https://www.google.com/maps/reviews/data=!4m8!14m7!1m6!2m5!1sCi9DQUlRQUNvZENodHljRjlvT2kwNWRqbG9kbWN4VkVGMlZuTnNVaTA1Y2pOd1ZsRRAB!2m1!1s0x0:0xe2013697c9b54a21!3m1!1s2@1:CAIQACodChtycF9oOi05djlodmcxVEF2VnNsUi05cjNwVlE%7C%7C?hl=en;https://www.google.com/maps/place/S.+K.+Electronics/@26.5883622,85.4873171,17z/data=!4m8!3m7!1s0x39ecf12c7e6fa777:0xe2013697c9b54a21!8m2!3d26.5883574!4d85.489892!9m1!1b1!16s%2Fg%2F11wy5qq8fk?entry=ttu&g_ep=EgoyMDI2MDUxMy4wIKXMDSoASAFQAw%3D%3D;;S.BHUSHAN SIR;https://www.google.com/maps/contrib/104615164164183967797?hl=en;https://lh3.googleusercontent.com/a-/ALV-UjVzMKNacixsHj6znzwEVg6NROr_PLVf47Imi9kR46LXRl2OFsBy=s120-c-rp-mo-br100;15;4;;;;;Google;0x39ecf12c7e6fa777:0xe2013697c9b54a21;Ci9DQUlRQUNvZENodHljRjlvT2kwNWRqbG9kbWN4VkVGMlZuTnNVaTA1Y2pOd1ZsRRAB
5;10 months ago;2025-07-12T07:37:36.578Z;Best behaviour and best services;;https://www.google.com/maps/reviews/data=!4m8!14m7!1m6!2m5!1sCi9DQUlRQUNvZENodHljRjlvT21neFdIaHpjM0F4VURoNlRWbHphVU5HZUZwMGIyYxAB!2m1!1s0x0:0xe2013697c9b54a21!3m1!1s2@1:CAIQACodChtycF9oOmgxWHhzc3AxUDh6TVlzaUNGeFp0b2c%7C%7C?hl=en;https://www.google.com/maps/place/S.+K.+Electronics/@26.5883622,85.4873171,17z/data=!4m8!3m7!1s0x39ecf12c7e6fa777:0xe2013697c9b54a21!8m2!3d26.5883574!4d85.489892!9m1!1b1!16s%2Fg%2F11wy5qq8fk?entry=ttu&g_ep=EgoyMDI2MDUxMy4wIKXMDSoASAFQAw%3D%3D;;sonu gupta;https://www.google.com/maps/contrib/116141905144783053895?hl=en;https://lh3.googleusercontent.com/a/ACg8ocJ7tDM_yD-mzj5fh2VjfxhoQkhBPO8fs3SIBrghuGwzN5nv=s120-c-rp-mo-br100;;2;;;;;Google;0x39ecf12c7e6fa777:0xe2013697c9b54a21;Ci9DQUlRQUNvZENodHljRjlvT21neFdIaHpjM0F4VURoNlRWbHphVU5HZUZwMGIyYxAB
5;9 months ago;2025-08-13T13:18:44.154Z;Best renge of products;;https://www.google.com/maps/reviews/data=!4m8!14m7!1m6!2m5!1sCi9DQUlRQUNvZENodHljRjlvT2xZM1FXNUtNV3h0UjFoUFpGQmtkakJCYTBZd2RVRRAB!2m1!1s0x0:0xe2013697c9b54a21!3m1!1s2@1:CAIQACodChtycF9oOlY3QW5KMWxtR1hPZFBkdjBBa0YwdUE%7C%7C?hl=en;https://www.google.com/maps/place/S.+K.+Electronics/@26.5883622,85.4873171,17z/data=!4m8!3m7!1s0x39ecf12c7e6fa777:0xe2013697c9b54a21!8m2!3d26.5883574!4d85.489892!9m1!1b1!16s%2Fg%2F11wy5qq8fk?entry=ttu&g_ep=EgoyMDI2MDUxMy4wIKXMDSoASAFQAw%3D%3D;;Prabhu Kumar;https://www.google.com/maps/contrib/112921075107013474061?hl=en;https://lh3.googleusercontent.com/a-/ALV-UjV2Vp980hkUyWj0_Q0Hl5aPPevw_3O4uBYT_Mcu9RMtgek-9gmG=s120-c-rp-mo-br100;;1;;;;;Google;0x39ecf12c7e6fa777:0xe2013697c9b54a21;Ci9DQUlRQUNvZENodHljRjlvT2xZM1FXNUtNV3h0UjFoUFpGQmtkakJCYTBZd2RVRRAB
5;10 months ago;2025-06-18T13:10:04.239Z;Very impressive fast delivery;;https://www.google.com/maps/reviews/data=!4m8!14m7!1m6!2m5!1sCi9DQUlRQUNvZENodHljRjlvT2psUGRXdFFaRmg1TWkxRU1taGxSMFpEVTBzNVNrRRAB!2m1!1s0x0:0xe2013697c9b54a21!3m1!1s2@1:CAIQACodChtycF9oOjlPdWtQZFh5Mi1EMmhlR0ZDU0s5SkE%7C%7C?hl=en;https://www.google.com/maps/place/S.+K.+Electronics/@26.5883622,85.4873171,17z/data=!4m8!3m7!1s0x39ecf12c7e6fa777:0xe2013697c9b54a21!8m2!3d26.5883574!4d85.489892!9m1!1b1!16s%2Fg%2F11wy5qq8fk?entry=ttu&g_ep=EgoyMDI2MDUxMy4wIKXMDSoASAFQAw%3D%3D;;Mukesh Kumar;https://www.google.com/maps/contrib/103044295438392095419?hl=en;https://lh3.googleusercontent.com/a-/ALV-UjXnA0p2Mll7A4LXtWXkagGJbs8flSQsU-a-Ta2MMnob_XH-RkkmIA=s120-c-rp-mo-br100;;4;;;;;Google;0x39ecf12c7e6fa777:0xe2013697c9b54a21;Ci9DQUlRQUNvZENodHljRjlvT2psUGRXdFFaRmg1TWkxRU1taGxSMFpEVTBzNVNrRRAB
5;9 months ago;2025-07-21T10:21:08.568Z;Very nice product;;https://www.google.com/maps/reviews/data=!4m8!14m7!1m6!2m5!1sCi9DQUlRQUNvZENodHljRjlvT2twcU1tbENXRll4V25KSFVHRmhkMHRNYzJ0bE0yYxAB!2m1!1s0x0:0xe2013697c9b54a21!3m1!1s2@1:CAIQACodChtycF9oOkpqMmlCWFYxWnJHUGFhd0tMc2tlM2c%7C%7C?hl=en;https://www.google.com/maps/place/S.+K.+Electronics/@26.5883622,85.4873171,17z/data=!4m8!3m7!1s0x39ecf12c7e6fa777:0xe2013697c9b54a21!8m2!3d26.5883574!4d85.489892!9m1!1b1!16s%2Fg%2F11wy5qq8fk?entry=ttu&g_ep=EgoyMDI2MDUxMy4wIKXMDSoASAFQAw%3D%3D;;Bíhàr Gamer;https://www.google.com/maps/contrib/115747626084642615927?hl=en;https://lh3.googleusercontent.com/a-/ALV-UjWoyXlbEXyW-XVz6Xs3dvCtkxUksjGZ9_rBp5zWtr94IdQBzO0U=s120-c-rp-mo-br100;;2;;;;;Google;0x39ecf12c7e6fa777:0xe2013697c9b54a21;Ci9DQUlRQUNvZENodHljRjlvT2twcU1tbENXRll4V25KSFVHRmhkMHRNYzJ0bE0yYxAB
5;10 months ago;2025-07-10T13:05:40.177Z;Best service and very fast service;;https://www.google.com/maps/reviews/data=!4m8!14m7!1m6!2m5!1sCi9DQUlRQUNvZENodHljRjlvT21GcFJIWlVNbXhUUTFVeU5WQm1lSEpLUmxSeGRIYxAB!2m1!1s0x0:0xe2013697c9b54a21!3m1!1s2@1:CAIQACodChtycF9oOmFpRHZUMmxTQ1UyNVBmeHJKRlRxdHc%7C%7C?hl=en;https://www.google.com/maps/place/S.+K.+Electronics/@26.5883622,85.4873171,17z/data=!4m8!3m7!1s0x39ecf12c7e6fa777:0xe2013697c9b54a21!8m2!3d26.5883574!4d85.489892!9m1!1b1!16s%2Fg%2F11wy5qq8fk?entry=ttu&g_ep=EgoyMDI2MDUxMy4wIKXMDSoASAFQAw%3D%3D;;Akash Kumar;https://www.google.com/maps/contrib/113642243902995329653?hl=en;https://lh3.googleusercontent.com/a-/ALV-UjXvToLJFzcpUPTSk2vATzfvRbrSNH8dw5dcYr_H2Pc4I8V2pL6v=s120-c-rp-mo-br100;;4;;;;;Google;0x39ecf12c7e6fa777:0xe2013697c9b54a21;Ci9DQUlRQUNvZENodHljRjlvT21GcFJIWlVNbXhUUTFVeU5WQm1lSEpLUmxSeGRIYxAB
5;7 months ago;2025-09-24T10:28:02.243Z;Product is good.;;https://www.google.com/maps/reviews/data=!4m8!14m7!1m6!2m5!1sCi9DQUlRQUNvZENodHljRjlvT2tGT1psbHRTRlpXZEhsd09WaHBVa1J6VEVkU2JHYxAB!2m1!1s0x0:0xe2013697c9b54a21!3m1!1s2@1:CAIQACodChtycF9oOkFOZlltSFZWdHlwOVhpUkRzTEdSbGc%7C%7C?hl=en;https://www.google.com/maps/place/S.+K.+Electronics/@26.5883622,85.4873171,17z/data=!4m8!3m7!1s0x39ecf12c7e6fa777:0xe2013697c9b54a21!8m2!3d26.5883574!4d85.489892!9m1!1b1!16s%2Fg%2F11wy5qq8fk?entry=ttu&g_ep=EgoyMDI2MDUxMy4wIKXMDSoASAFQAw%3D%3D;;Sagar kumar;https://www.google.com/maps/contrib/103048199069010102434?hl=en;https://lh3.googleusercontent.com/a/ACg8ocLaKtEtrbk_1GsTYB-cJRGPo2slHOb5uHIj_v6cAK-ewlYekQ=s120-c-rp-mo-br100;;1;;;;;Google;0x39ecf12c7e6fa777:0xe2013697c9b54a21;Ci9DQUlRQUNvZENodHljRjlvT2tGT1psbHRTRlpXZEhsd09WaHBVa1J6VEVkU2JHYxAB
5;6 months ago;2025-10-24T07:51:49.534Z;Best service;;https://www.google.com/maps/reviews/data=!4m8!14m7!1m6!2m5!1sCi9DQUlRQUNvZENodHljRjlvT2poQldFRkdaRE4wZDFocE1IUTVjRlV5UXpoU00yYxAB!2m1!1s0x0:0xe2013697c9b54a21!3m1!1s2@1:CAIQACodChtycF9oOjhBWEFGZDN0d1hpMHQ5cFUyQzhSM2c%7C%7C?hl=en;https://www.google.com/maps/place/S.+K.+Electronics/@26.5883622,85.4873171,17z/data=!4m8!3m7!1s0x39ecf12c7e6fa777:0xe2013697c9b54a21!8m2!3d26.5883574!4d85.489892!9m1!1b1!16s%2Fg%2F11wy5qq8fk?entry=ttu&g_ep=EgoyMDI2MDUxMy4wIKXMDSoASAFQAw%3D%3D;;RANJAY KUMAR;https://www.google.com/maps/contrib/114544584909658160101?hl=en;https://lh3.googleusercontent.com/a-/ALV-UjVVQjyr96WKrQZ3IBU6hBykaoNVl_5jAKMDpLP0Cms2eevCM4Y=s120-c-rp-mo-br100;;1;;;;;Google;0x39ecf12c7e6fa777:0xe2013697c9b54a21;Ci9DQUlRQUNvZENodHljRjlvT2poQldFRkdaRE4wZDFocE1IUTVjRlV5UXpoU00yYxAB
5;9 months ago;2025-08-13T13:12:45.981Z;Nice shop;;https://www.google.com/maps/reviews/data=!4m8!14m7!1m6!2m5!1sCi9DQUlRQUNvZENodHljRjlvT2pBdFUyWjBhREpXZDBOblZqSkJTa0pUVEhCTlJsRRAB!2m1!1s0x0:0xe2013697c9b54a21!3m1!1s2@1:CAIQACodChtycF9oOjAtU2Z0aDJWd0NnVjJBSkJTTHBNRlE%7C%7C?hl=en;https://www.google.com/maps/place/S.+K.+Electronics/@26.5883622,85.4873171,17z/data=!4m8!3m7!1s0x39ecf12c7e6fa777:0xe2013697c9b54a21!8m2!3d26.5883574!4d85.489892!9m1!1b1!16s%2Fg%2F11wy5qq8fk?entry=ttu&g_ep=EgoyMDI2MDUxMy4wIKXMDSoASAFQAw%3D%3D;;Piyush Pandey;https://www.google.com/maps/contrib/113148989654177134489?hl=en;https://lh3.googleusercontent.com/a-/ALV-UjXXu_PP7Oi4O-kQkgV7v1jymniCr9XU_x74uFKBYMKKVwDSLKEZ=s120-c-rp-mo-br100;;1;;;;;Google;0x39ecf12c7e6fa777:0xe2013697c9b54a21;Ci9DQUlRQUNvZENodHljRjlvT2pBdFUyWjBhREpXZDBOblZqSkJTa0pUVEhCTlJsRRAB
5;9 months ago;2025-07-20T07:23:00.337Z;Great collection and price;;https://www.google.com/maps/reviews/data=!4m8!14m7!1m6!2m5!1sCi9DQUlRQUNvZENodHljRjlvT2xwVmFYY3hRWHBKZEhWTFVUaDNNWGhOZFRSd2VWRRAB!2m1!1s0x0:0xe2013697c9b54a21!3m1!1s2@1:CAIQACodChtycF9oOlpVaXcxQXpJdHVLUTh3MXhNdTRweVE%7C%7C?hl=en;https://www.google.com/maps/place/S.+K.+Electronics/@26.5883622,85.4873171,17z/data=!4m8!3m7!1s0x39ecf12c7e6fa777:0xe2013697c9b54a21!8m2!3d26.5883574!4d85.489892!9m1!1b1!16s%2Fg%2F11wy5qq8fk?entry=ttu&g_ep=EgoyMDI2MDUxMy4wIKXMDSoASAFQAw%3D%3D;;Binod Kumar Chaudhary;https://www.google.com/maps/contrib/101685871166798219210?hl=en;https://lh3.googleusercontent.com/a-/ALV-UjVhWsjAgeKhgSstWV1E9zJKsgUWKJWWWoyTUSlnlzxUDn-frnI1=s120-c-rp-mo-br100;1;1;;;;;Google;0x39ecf12c7e6fa777:0xe2013697c9b54a21;Ci9DQUlRQUNvZENodHljRjlvT2xwVmFYY3hRWHBKZEhWTFVUaDNNWGhOZFRSd2VWRRAB
5;6 months ago;2025-10-24T07:50:28.960Z;Good service;;https://www.google.com/maps/reviews/data=!4m8!14m7!1m6!2m5!1sCi9DQUlRQUNvZENodHljRjlvT2pWNlJGVnRhVkJXZUZFM1VXeFRVMDV3Ym01UGNtYxAB!2m1!1s0x0:0xe2013697c9b54a21!3m1!1s2@1:CAIQACodChtycF9oOjV6RFVtaVBWeFE3UWxTU05wbm5Pcmc%7C%7C?hl=en;https://www.google.com/maps/place/S.+K.+Electronics/@26.5883622,85.4873171,17z/data=!4m8!3m7!1s0x39ecf12c7e6fa777:0xe2013697c9b54a21!8m2!3d26.5883574!4d85.489892!9m1!1b1!16s%2Fg%2F11wy5qq8fk?entry=ttu&g_ep=EgoyMDI2MDUxMy4wIKXMDSoASAFQAw%3D%3D;;sachin gupta;https://www.google.com/maps/contrib/110640188919930325085?hl=en;https://lh3.googleusercontent.com/a-/ALV-UjXEbkc2D35J3OlQ7oHvpvKyAI74XfpBhOVLGpWGQE2F9r9iV7xx=s120-c-rp-mo-br100;;1;;;;;Google;0x39ecf12c7e6fa777:0xe2013697c9b54a21;Ci9DQUlRQUNvZENodHljRjlvT2pWNlJGVnRhVkJXZUZFM1VXeFRVMDV3Ym01UGNtYxAB
5;9 months ago;2025-08-07T06:00:37.581Z;very good service;;https://www.google.com/maps/reviews/data=!4m8!14m7!1m6!2m5!1sCi9DQUlRQUNvZENodHljRjlvT205bFRteE5aRzVQYUhWdFJtUlFPVTkzZVRGS1FWRRAB!2m1!1s0x0:0xe2013697c9b54a21!3m1!1s2@1:CAIQACodChtycF9oOm9lTmxNZG5PaHVtRmRQOU93eTFKQVE%7C%7C?hl=en;https://www.google.com/maps/place/S.+K.+Electronics/@26.5883622,85.4873171,17z/data=!4m8!3m7!1s0x39ecf12c7e6fa777:0xe2013697c9b54a21!8m2!3d26.5883574!4d85.489892!9m1!1b1!16s%2Fg%2F11wy5qq8fk?entry=ttu&g_ep=EgoyMDI2MDUxMy4wIKXMDSoASAFQAw%3D%3D;;Aryan kumar;https://www.google.com/maps/contrib/117606304458926549539?hl=en;https://lh3.googleusercontent.com/a/ACg8ocLyXXB9kf4ZXtEN2pLlHoEgHta_o92fYhzRj0CAQdyPlNGbRg=s120-c-rp-mo-br100;;1;;;;;Google;0x39ecf12c7e6fa777:0xe2013697c9b54a21;Ci9DQUlRQUNvZENodHljRjlvT205bFRteE5aRzVQYUhWdFJtUlFPVTkzZVRGS1FWRRAB
5;11 months ago;2025-06-11T15:16:17.757Z;Coustmer service very good;;https://www.google.com/maps/reviews/data=!4m8!14m7!1m6!2m5!1sChdDSUhNMG9nS0VLRFN3Y3Z2cXNIbHBBRRAB!2m1!1s0x0:0xe2013697c9b54a21!3m1!1s2@1:CIHM0ogKEKDSwcvvqsHlpAE%7C%7C?hl=en;https://www.google.com/maps/place/S.+K.+Electronics/@26.5883622,85.4873171,17z/data=!4m8!3m7!1s0x39ecf12c7e6fa777:0xe2013697c9b54a21!8m2!3d26.5883574!4d85.489892!9m1!1b1!16s%2Fg%2F11wy5qq8fk?entry=ttu&g_ep=EgoyMDI2MDUxMy4wIKXMDSoASAFQAw%3D%3D;;pappu kumar;https://www.google.com/maps/contrib/107419950083592167942?hl=en;https://lh3.googleusercontent.com/a-/ALV-UjWh6bYwcxIYy4KEdG-yuywc7DMIakLOR7yE1fG6POsK04LU26k=s120-c-rp-mo-br100;;1;;;;;Google;0x39ecf12c7e6fa777:0xe2013697c9b54a21;ChdDSUhNMG9nS0VLRFN3Y3Z2cXNIbHBBRRAB
4;Edited 7 months ago;2025-07-20T14:20:27.000Z;Having a Range of Product.;;https://www.google.com/maps/reviews/data=!4m8!14m7!1m6!2m5!1sCi9DQUlRQUNvZENodHljRjlvT2paR2QzSnlNR0kyZERWV2NVeHpabmw1T1dJd2NuYxAB!2m1!1s0x0:0xe2013697c9b54a21!3m1!1s2@1:CAIQACodChtycF9oOjZGd3JyMGI2dDVWcUxzZnl5OWIwcnc%7C%7C?hl=en;https://www.google.com/maps/place/S.+K.+Electronics/@26.5883622,85.4873171,17z/data=!4m8!3m7!1s0x39ecf12c7e6fa777:0xe2013697c9b54a21!8m2!3d26.5883574!4d85.489892!9m1!1b1!16s%2Fg%2F11wy5qq8fk?entry=ttu&g_ep=EgoyMDI2MDUxMy4wIKXMDSoASAFQAw%3D%3D;;Nishant Sah;https://www.google.com/maps/contrib/101639416207218166900?hl=en;https://lh3.googleusercontent.com/a-/ALV-UjWNsH2pZOjxS47I5s-vHe-DCEushC9txMFbW8iatK2pRDEgasM=s120-c-rp-mo-br100;;1;;;;;Google;0x39ecf12c7e6fa777:0xe2013697c9b54a21;Ci9DQUlRQUNvZENodHljRjlvT2paR2QzSnlNR0kyZERWV2NVeHpabmw1T1dJd2NuYxAB
5;10 months ago;2025-07-04T10:46:24.458Z;Good shop;;https://www.google.com/maps/reviews/data=!4m8!14m7!1m6!2m5!1sCi9DQUlRQUNvZENodHljRjlvT2pWQ2NURk9jMWxwTTB0NldXUldTa1JVZFhGWWVFRRAB!2m1!1s0x0:0xe2013697c9b54a21!3m1!1s2@1:CAIQACodChtycF9oOjVCcTFOc1lpM0t6WWRWSkRUdXFYeEE%7C%7C?hl=en;https://www.google.com/maps/place/S.+K.+Electronics/@26.5883622,85.4873171,17z/data=!4m8!3m7!1s0x39ecf12c7e6fa777:0xe2013697c9b54a21!8m2!3d26.5883574!4d85.489892!9m1!1b1!16s%2Fg%2F11wy5qq8fk?entry=ttu&g_ep=EgoyMDI2MDUxMy4wIKXMDSoASAFQAw%3D%3D;;Irfan Alam;https://www.google.com/maps/contrib/108328448330699435709?hl=en;https://lh3.googleusercontent.com/a/ACg8ocJk6Ocg2TYlTbji9DQkIKSq8-Dr7N5WLIPfpm6YYKqj2PI1Pkg=s120-c-rp-mo-br100;;1;;;;;Google;0x39ecf12c7e6fa777:0xe2013697c9b54a21;Ci9DQUlRQUNvZENodHljRjlvT2pWQ2NURk9jMWxwTTB0NldXUldTa1JVZFhGWWVFRRAB
5;10 months ago;2025-07-01T10:13:04.578Z;Nyc shop;;https://www.google.com/maps/reviews/data=!4m8!14m7!1m6!2m5!1sCi9DQUlRQUNvZENodHljRjlvT2paWk5YUktlRlZGWTI5NlpEaEViUzAzWlZabmQxRRAB!2m1!1s0x0:0xe2013697c9b54a21!3m1!1s2@1:CAIQACodChtycF9oOjZZNXRKeFVFY296ZDhEbS03ZVZnd1E%7C%7C?hl=en;https://www.google.com/maps/place/S.+K.+Electronics/@26.5883622,85.4873171,17z/data=!4m8!3m7!1s0x39ecf12c7e6fa777:0xe2013697c9b54a21!8m2!3d26.5883574!4d85.489892!9m1!1b1!16s%2Fg%2F11wy5qq8fk?entry=ttu&g_ep=EgoyMDI2MDUxMy4wIKXMDSoASAFQAw%3D%3D;;Amit;https://www.google.com/maps/contrib/108486025947756384309?hl=en;https://lh3.googleusercontent.com/a/ACg8ocKUV3Ema0ZX3yZ7nd_iu0cWH2NWEKEiCBUVikQ47WsDVVM9Sg=s120-c-rp-mo-br100;;1;;;;;Google;0x39ecf12c7e6fa777:0xe2013697c9b54a21;Ci9DQUlRQUNvZENodHljRjlvT2paWk5YUktlRlZGWTI5NlpEaEViUzAzWlZabmQxRRAB
5;9 months ago;2025-07-20T07:39:18.994Z;Mind blowing purchase 😄🤩🥳;;https://www.google.com/maps/reviews/data=!4m8!14m7!1m6!2m5!1sCi9DQUlRQUNvZENodHljRjlvT25selJVdFVaWGsxT1RZeE5HSkdjVWhyY1RsSlVVRRAB!2m1!1s0x0:0xe2013697c9b54a21!3m1!1s2@1:CAIQACodChtycF9oOnlzRUtUZXk1OTYxNGJGcUhrcTlJUUE%7C%7C?hl=en;https://www.google.com/maps/place/S.+K.+Electronics/@26.5883622,85.4873171,17z/data=!4m8!3m7!1s0x39ecf12c7e6fa777:0xe2013697c9b54a21!8m2!3d26.5883574!4d85.489892!9m1!1b1!16s%2Fg%2F11wy5qq8fk?entry=ttu&g_ep=EgoyMDI2MDUxMy4wIKXMDSoASAFQAw%3D%3D;;Pranav Kumar;https://www.google.com/maps/contrib/101091694250912705775?hl=en;https://lh3.googleusercontent.com/a/ACg8ocLF99RTsv0_t_M_aMTi_71YuEpxKmiiOOhnuubP4nvB3f7iwg=s120-c-rp-mo-br100;;1;;;;;Google;0x39ecf12c7e6fa777:0xe2013697c9b54a21;Ci9DQUlRQUNvZENodHljRjlvT25selJVdFVaWGsxT1RZeE5HSkdjVWhyY1RsSlVVRRAB
5;10 months ago;2025-06-23T09:33:41.944Z;Best shop;;https://www.google.com/maps/reviews/data=!4m8!14m7!1m6!2m5!1sCi9DQUlRQUNvZENodHljRjlvT20xbE5XMUJjbkJEVTJGWFJtSjVWV1p0VlVoaWRtYxAB!2m1!1s0x0:0xe2013697c9b54a21!3m1!1s2@1:CAIQACodChtycF9oOm1lNW1BcnBDU2FXRmJ5VWZtVUhidmc%7C%7C?hl=en;https://www.google.com/maps/place/S.+K.+Electronics/@26.5883622,85.4873171,17z/data=!4m8!3m7!1s0x39ecf12c7e6fa777:0xe2013697c9b54a21!8m2!3d26.5883574!4d85.489892!9m1!1b1!16s%2Fg%2F11wy5qq8fk?entry=ttu&g_ep=EgoyMDI2MDUxMy4wIKXMDSoASAFQAw%3D%3D;;Ravi Kumar;https://www.google.com/maps/contrib/118427882258291083387?hl=en;https://lh3.googleusercontent.com/a-/ALV-UjUaRbNyhn-91d0T3pgiqtqspf8UvBOAQ6kJ8wDjHcE7Ox8XrM0K=s120-c-rp-mo-br100;3;1;;;;;Google;0x39ecf12c7e6fa777:0xe2013697c9b54a21;Ci9DQUlRQUNvZENodHljRjlvT20xbE5XMUJjbkJEVTJGWFJtSjVWV1p0VlVoaWRtYxAB
5;10 months ago;2025-06-23T08:46:17.221Z;Too good;;https://www.google.com/maps/reviews/data=!4m8!14m7!1m6!2m5!1sCi9DQUlRQUNvZENodHljRjlvT210eWVHZHlXVUUwY1hjeWFGSk1kMlpqU2t4cVRHYxAB!2m1!1s0x0:0xe2013697c9b54a21!3m1!1s2@1:CAIQACodChtycF9oOmtyeGdyWUE0cXcyaFJMd2ZjSkxqTGc%7C%7C?hl=en;https://www.google.com/maps/place/S.+K.+Electronics/@26.5883622,85.4873171,17z/data=!4m8!3m7!1s0x39ecf12c7e6fa777:0xe2013697c9b54a21!8m2!3d26.5883574!4d85.489892!9m1!1b1!16s%2Fg%2F11wy5qq8fk?entry=ttu&g_ep=EgoyMDI2MDUxMy4wIKXMDSoASAFQAw%3D%3D;;Deepu kumar saini;https://www.google.com/maps/contrib/112574062897861841075?hl=en;https://lh3.googleusercontent.com/a-/ALV-UjW812lN1nzL2Zaf9f1S6_fZPag2CqKOMqdFi6STvr9y_LMIbDM=s120-c-rp-mo-br100;;2;;;;;Google;0x39ecf12c7e6fa777:0xe2013697c9b54a21;Ci9DQUlRQUNvZENodHljRjlvT210eWVHZHlXVUUwY1hjeWFGSk1kMlpqU2t4cVRHYxAB
5;a year ago;2025-02-01T07:02:28.015Z;Best experience and best quality;;https://www.google.com/maps/reviews/data=!4m8!14m7!1m6!2m5!1sChZDSUhNMG9nS0VJQ0FnTUNBdnJ6X1BBEAE!2m1!1s0x0:0xe2013697c9b54a21!3m1!1s2@1:CIHM0ogKEICAgMCAvrz_PA%7C%7C?hl=en;https://www.google.com/maps/place/S.+K.+Electronics/@26.5883622,85.4873171,17z/data=!4m8!3m7!1s0x39ecf12c7e6fa777:0xe2013697c9b54a21!8m2!3d26.5883574!4d85.489892!9m1!1b1!16s%2Fg%2F11wy5qq8fk?entry=ttu&g_ep=EgoyMDI2MDUxMy4wIKXMDSoASAFQAw%3D%3D;;chandan Kumar;https://www.google.com/maps/contrib/110104972257954555732?hl=en;https://lh3.googleusercontent.com/a-/ALV-UjV_s0twEDp7JVY6jnsq-k582bRs1P6wGf_gcSX4Jd15Dv41Gs-D=s120-c-rp-mo-br100;13;1;;;;;Google;0x39ecf12c7e6fa777:0xe2013697c9b54a21;ChZDSUhNMG9nS0VJQ0FnTUNBdnJ6X1BBEAE
5;10 months ago;2025-06-22T07:24:17.925Z;Very good;;https://www.google.com/maps/reviews/data=!4m8!14m7!1m6!2m5!1sCi9DQUlRQUNvZENodHljRjlvT21aTFEzcERXVGxFVFVaYVluUm9SME5IWDJaVFdVRRAB!2m1!1s0x0:0xe2013697c9b54a21!3m1!1s2@1:CAIQACodChtycF9oOmZLQ3pDWTlETUZaYnRoR0NHX2ZTWUE%7C%7C?hl=en;https://www.google.com/maps/place/S.+K.+Electronics/@26.5883622,85.4873171,17z/data=!4m8!3m7!1s0x39ecf12c7e6fa777:0xe2013697c9b54a21!8m2!3d26.5883574!4d85.489892!9m1!1b1!16s%2Fg%2F11wy5qq8fk?entry=ttu&g_ep=EgoyMDI2MDUxMy4wIKXMDSoASAFQAw%3D%3D;;Plaza Traders;https://www.google.com/maps/contrib/104484895589523885056?hl=en;https://lh3.googleusercontent.com/a/ACg8ocK0tXlVc20FMI4zYUXxUxT-cWpnqqO1jH50shwKL_UtPRb-xg=s120-c-rp-mo-br100;15;5;;;;;Google;0x39ecf12c7e6fa777:0xe2013697c9b54a21;Ci9DQUlRQUNvZENodHljRjlvT21aTFEzcERXVGxFVFVaYVluUm9SME5IWDJaVFdVRRAB
5;9 months ago;2025-07-21T10:19:51.804Z;Very nice product;;https://www.google.com/maps/reviews/data=!4m8!14m7!1m6!2m5!1sCi9DQUlRQUNvZENodHljRjlvT2s5bVZqRTNVMkpGZDNaNGJsYzVlbTR6V0ZkS1IyYxAB!2m1!1s0x0:0xe2013697c9b54a21!3m1!1s2@1:CAIQACodChtycF9oOk9mVjE3U2JFd3Z4blc5em4zWFdKR2c%7C%7C?hl=en;https://www.google.com/maps/place/S.+K.+Electronics/@26.5883622,85.4873171,17z/data=!4m8!3m7!1s0x39ecf12c7e6fa777:0xe2013697c9b54a21!8m2!3d26.5883574!4d85.489892!9m1!1b1!16s%2Fg%2F11wy5qq8fk?entry=ttu&g_ep=EgoyMDI2MDUxMy4wIKXMDSoASAFQAw%3D%3D;;Gyanti Yadav;https://www.google.com/maps/contrib/103813413730711551488?hl=en;https://lh3.googleusercontent.com/a/ACg8ocLwLyN0sKBDc6EJpERXMVhRN_iYkR28YPkpVads09rEL-xtZw=s120-c-rp-mo-br100;;1;;;;;Google;0x39ecf12c7e6fa777:0xe2013697c9b54a21;Ci9DQUlRQUNvZENodHljRjlvT2s5bVZqRTNVMkpGZDNaNGJsYzVlbTR6V0ZkS1IyYxAB
5;7 months ago;2025-09-29T09:02:19.833Z;Hey 👋;;https://www.google.com/maps/reviews/data=!4m8!14m7!1m6!2m5!1sCi9DQUlRQUNvZENodHljRjlvT25wUE5XVjBlRVE1YVZwSlJFc3pSR0ZsWW10R2RsRRAB!2m1!1s0x0:0xe2013697c9b54a21!3m1!1s2@1:CAIQACodChtycF9oOnpPNWV0eEQ5aVpJREszRGFlYmtGdlE%7C%7C?hl=en;https://www.google.com/maps/place/S.+K.+Electronics/@26.5883622,85.4873171,17z/data=!4m8!3m7!1s0x39ecf12c7e6fa777:0xe2013697c9b54a21!8m2!3d26.5883574!4d85.489892!9m1!1b1!16s%2Fg%2F11wy5qq8fk?entry=ttu&g_ep=EgoyMDI2MDUxMy4wIKXMDSoASAFQAw%3D%3D;;Pankaj Kumar;https://www.google.com/maps/contrib/108240307747683127368?hl=en;https://lh3.googleusercontent.com/a-/ALV-UjUHCPk8A5lI4aKL1Z4p6UkrU4ljt-oMa9ZRCp0rbQfTIzoda7rF=s120-c-rp-mo-br100;;1;;;;;Google;0x39ecf12c7e6fa777:0xe2013697c9b54a21;Ci9DQUlRQUNvZENodHljRjlvT25wUE5XVjBlRVE1YVZwSlJFc3pSR0ZsWW10R2RsRRAB
5;8 months ago;2025-08-28T14:42:09.776Z;Great experience;;https://www.google.com/maps/reviews/data=!4m8!14m7!1m6!2m5!1sCi9DQUlRQUNvZENodHljRjlvT2kwMllXWlRjVFJVZWtkb2FGOU5WalZsTFRscE9IYxAB!2m1!1s0x0:0xe2013697c9b54a21!3m1!1s2@1:CAIQACodChtycF9oOi02YWZTcTRUekdoaF9NVjVlLTlpOHc%7C%7C?hl=en;https://www.google.com/maps/place/S.+K.+Electronics/@26.5883622,85.4873171,17z/data=!4m8!3m7!1s0x39ecf12c7e6fa777:0xe2013697c9b54a21!8m2!3d26.5883574!4d85.489892!9m1!1b1!16s%2Fg%2F11wy5qq8fk?entry=ttu&g_ep=EgoyMDI2MDUxMy4wIKXMDSoASAFQAw%3D%3D;;MANI RANJAN;https://www.google.com/maps/contrib/107504646259754930972?hl=en;https://lh3.googleusercontent.com/a/ACg8ocKA88PGzOlLscAm5tPTDOG3yKnbFBWc8iRxDRCDLnWjbLSq3g=s120-c-rp-mo-br100;;1;;;;;Google;0x39ecf12c7e6fa777:0xe2013697c9b54a21;Ci9DQUlRQUNvZENodHljRjlvT2kwMllXWlRjVFJVZWtkb2FGOU5WalZsTFRscE9IYxAB
